id_product,product_desc,product_group,supplier_id,supplier_desc,id_sales_person,full_name,manager,age,able_speak_english,date,quantity,price,audit,metadata
34,Amoxicillin F,Antibiotics,4,France,1,Charles Wilson,Angela Taylor,25,true,2023-01-29,3,94,edb3670f47826cac2d637cfa6934c4288560ee6c979683cfc62b67788a98a558,###
1,Paracetamol G,Analgesics,1,Germany,2,James Carter,Jason MILLER,44,true,2023-08-22,10,66,ff359b85848c3615c7a60190dc020a4776f517b224b2fad3e1c11c4875460553,#
20,Dipyrone I,Analgesics,5,India,11,Ander Kenton,Ashley Moore,23,true,2023-06-25,4,8,74a8aea068e352ac5dfc2b54628c1b7478429607bbd8bbba20dd410e8ccc3e67,imported_system
2,Paracetamol P,Analgesics,2,Portugal,3,Laura Thompson,Jason Miller,23,false,2023-10-26,6,85,3e3bd885581aeb0519884ac4ee0a3b8656a92dec1ea213c5d37bed9a0a7bdf37,###
8,Ibuprofen B,Anti-Inflammatories,3,Brazil,2,James Carter,Jason MILLER,44,true,2023-07-17,11,81,a70d80425aeba84a93ed8cfd92e341997fe03e56f96faf974ed1714ed51ee061,
21,Simvastatin G,Antihypertensives,1,Germany,7,Olivia Hall,Ryan Allen,27,true,2023-05-22,1,95,2ce07824c7c081ebcfd809fb9f4deab0392ba0852e67bdf0847f591729abf6c5,#
31,Amoxicillin G,Antibiotics,1,Germany,11,Ander Kenton,Ashley Moore,23,true,2023-06-14,1,18,57fbeb457bf5cc05400679cead52e3d1b0c6512a3f3edf7415bbfb65628e14f9,###
29,Atenolol F,Antihypertensives,4,France,11,Ander Kenton,Ashley Moore,23,true,2023-04-19,12,23,f16170c8adca40b0db23e55409cc6d897eed306cbc0372790a8eb81df6864040,#
15,Omeprazole I,Antacids,5,India,5,Sophia Davis,John Mitchell,28,true,2023-04-07,11,95,9ed554e575c09661d3a08c689674877ba62c859c51ca61ec5e9a7a7ba578db16,imported_system
27,Atenolol P,Antihypertensives,2,Portugal,10,Alexander Garcia,Ashley Moore,19,true,2023-06-26,2,59,eccb0a66cc00f280f81d0fbf93b49da5d7b9a1f567811ce99cccb29f2a58f110,***
7,Ibuprofen P,Anti-Inflammatories,2,Portugal,6,Michael Wright,Jennifer Anderson,36,false,2023-10-07,12,11,0a6acec488cad411420669a8f69b8ebee52eb804a1ca510b5bcff08699215ced,
22,simvastatin P  ,Antihypertensives,2,Portugal,11,Ander Kenton,Ashley Moore,23,true,2022-11-16,12,41,611d13cd82c9c7e72a36688a84aef016ebc56d435a1eda97bd77bfd7c94c42c8,#
9,Ibuprofen F,Anti-Inflammatories,4,France,4,Emma Robinson,Jason Miller,31,false,2023-10-09,7,56,d8e22a426c811f78ec39edfe4ac2a3a96c17586a637c5af02a19bebe8bf5403a,
9,Ibuprofen F,Anti-Inflammatories,4,France,3,Laura Thompson,Jason Miller,23,false,2023-06-29,4,7,df75f23a3196f0ddcc166bb8c469983ca0b0f03b39f9c9f173a6dab31296ba8f,###
11,Omeprazole G,Antacids,1,Germany,10,Alexander Garcia,Ashley Moore,19,true,2023-09-17,9,79,0d7a683d5283c72499f11fe5a04c1c0749469a8775e6d3e272307728131f2250,#
19,Dipyrone F,Analgesics,4,France,7,Olivia Hall,Ryan Allen,27,true,2023-03-22,5,48,5366ec7df49331f43da1f43fedc75ce2b333ccc2b39fd9aca07abbfee570112b,imported_system
5,Paracetamol I,Analgesics,5,India,5,Sophia Davis,John Mitchell,28,true,2023-06-26,3,10,a15fb939aeb2db3d8e2c3915e41218e5da49011b2f9d37b60a1a2fdc24b21867,###
22,simvastatin P  ,Antihypertensives,2,Portugal,3,Laura Thompson,Jason Miller,23,false,2023-07-16,9,18,982b6e303d38ededb376bdf844efe49f665f73fb27494d7459dc9bc015a0e16a,imported_system
9,Ibuprofen F,Anti-Inflammatories,4,France,6,Michael Wright,Jennifer Anderson,36,false,2023-05-23,1,81,ff3d9d9ec5dbf066d25b9d1ac80da7655ddebc1f87c2390ae738eb591594d7be,imported_system
31,Amoxicillin G,Antibiotics,1,Germany,11,Ander Kenton,Ashley Moore,23,true,2023-10-13,9,70,c6bc6ee3da0d15d9afae196ce3c907a4158cf881919d7aec1f83e2307336805e,#
27,Atenolol P,Antihypertensives,2,Portugal,9,Emily Lewis,Anthony Turner,26,false,2023-06-27,3,72,a6e1535f51bb49956876ed93b74a947e91a0e8707120a60f0ee421bb1b165b29,###
23,Simvastatin B,Antihypertensives,3,Brazil,5,Sophia Davis,John Mitchell,28,true,2023-05-19,12,11,ffbfce425cb3edd33533feb6e71a9de98cc4cbc3fe17f7265b9475733cff2c66,###
11,Omeprazole G,Antacids,1,Germany,2,James Carter,Jason MILLER,44,true,2022-11-18,5,25,8fc6c6d6b92c6e573e407fe01e52f41ff5ec5361d1466470c986ea84622fb820,imported_system
36,Sertraline G,Antidepressants,1,Germany,4,Emma Robinson,Jason Miller,31,false,2023-03-12,12,47,2e6157bc0432b4aebb9713309bf5da7bfd8aef58a0c3fab905514abdc6c128ec,***
28,Atenolol B,Antihypertensives,3,Brazil,4,Emma Robinson,Jason Miller,31,false,2023-07-27,11,68,7c6604fbc09c456a8d9f0304bb5185dc64f6badc74ade9e3b509bef320e73a83,###
29,Atenolol F,Antihypertensives,4,France,10,Alexander Garcia,Ashley Moore,19,true,2023-10-01,9,74,0ccdeb0a111369d4412fb37906a1264f213d2fd6b49466e6a323e4ae2f4762eb,imported_system
19,Dipyrone F,Analgesics,4,France,2,James Carter,Jason MILLER,44,true,2023-10-28,6,8,5f48ff33d2c9562f8ec4bda31a831f8841c38d3b64abdc7d61f323d47c7f05d5,***
20,Dipyrone I,Analgesics,5,India,5,Sophia Davis,John Mitchell,28,true,2023-02-18,8,82,32768dc1b008847fe7bc2ca62dc057650fbf239146884d0832e7e189e4cc2d89,***
33,Amoxicillin B,Antibiotics,3,Brazil,2,James Carter,Jason MILLER,44,true,2023-08-01,2,99,4ce002aaedeb628d1d8365b6a17030b3315a1c0a7c5290ed96b7e9d648cc2ca9,imported_system
24,Simvastatin F,Antihypertensives,4,France,11,Ander Kenton,Ashley Moore,23,true,2023-06-21,3,51,1d98c5a13249a9b58b8c1135afe3ccea0ac3e6cfef668931e414eb9a8676d104,imported_system
22,simvastatin P  ,Antihypertensives,2,Portugal,7,Olivia Hall,Ryan Allen,27,true,2023-04-20,10,74,b1a8ac3d03b0f7c589c9bca3d7faa8faa937f3ce27e77ebb690e3013e9a59f15,
29,Atenolol F,Antihypertensives,4,France,12,Michael Douglas,Ashley Moore,47,false,2022-11-21,8,6,74eccb104f2f4a6b5d59507f272052ec03ebe42120e17494b3534a9bdf2d5f15,
4,Paracetamol F,Analgesics,4,France,7,Olivia Hall,Ryan Allen,27,true,2023-10-28,8,100,3aa49c8ac539b96d5e4ca18c12b7252581972be8db0a4b85bdc2b190dc39ac63,imported_system
19,Dipyrone F,Analgesics,4,France,5,Sophia Davis,John Mitchell,28,true,2023-03-31,3,31,4b111b7000f6fe51488fbe277d8e97a9b6e6502399f41934976ec60fc63abc78,imported_system
13,Omeprazole B,Antacids,3,Brazil,1,Charles Wilson,Angela Taylor,25,true,2023-02-19,3,91,1bad74fe02225708e4009a7c2cc667fa8bc863d3babcbd723e50739792141291,***
7,Ibuprofen P,Anti-Inflammatories,2,Portugal,5,Sophia Davis,John Mitchell,28,true,2023-10-08,5,46,6b4f42299656b14b94723eb69b8d4fa55274140e3bff2c7e5f8f67db9f9ccc4e,
30,Atenolol I,Antihypertensives,5,India,7,Olivia Hall,Ryan Allen,27,true,2023-06-30,10,71,f0c7a810b28c7491a7d37829d020d11926f18174190d29ef7a8b2b049d4961f2,
15,Omeprazole I,Antacids,5,India,3,Laura Thompson,Jason Miller,23,false,2023-04-04,2,88,0f823fbe01e244d3bff9d1995b4a6a13320fb2e2e7595a56a7348d8d9fd4d762,
24,Simvastatin F,Antihypertensives,4,France,7,Olivia Hall,Ryan Allen,27,true,2022-12-04,6,93,3c1115dc873d10331ff6e263876fe324933c1f122b26627b0eff1c317f998b50,
14,Omeprazole F,Antacids,4,France,8,William Nelson,Lauren Evans,38,true,2023-06-21,10,78,55eb98af205c9d17e3569de62916a94b7944672c772f526e6e4c957c0b8d5eeb,
23,Simvastatin B,Antihypertensives,3,Brazil,4,Emma Robinson,Jason Miller,31,false,2023-04-07,10,56,e53f9999febccbe8f08a9655653dd7b63fd30d2cb39022e4df61a0ac412b556d,***
9,Ibuprofen F,Anti-Inflammatories,4,France,1,Charles Wilson,Angela Taylor,25,true,2023-10-11,2,85,9a1f53dc5d98cdc13186770425809419ee432baa357bb532f66e3c64c7c59554,imported_system
17,dipyrone P,Analgesics,2,Portugal,9,Emily Lewis,Anthony Turner,26,false,2022-11-27,4,62,638272099ceef6b623dace47fb607e254018277c89d7465c3d32182c2a068931,###
24,Simvastatin F,Antihypertensives,4,France,9,Emily Lewis,Anthony Turner,26,false,2023-10-10,11,21,b567edd38e178dac20d4252c7e42ffedd866d91f315ffaa00d6dd682c1586f17,imported_system
33,Amoxicillin B,Antibiotics,3,Brazil,6,Michael Wright,Jennifer Anderson,36,false,2023-10-17,4,21,8489c2ac625f61ef48592a4f8c2c711499419a4f17db0b1fe1a1a6dc416c425f,imported_system
23,Simvastatin B,Antihypertensives,3,Brazil,6,Michael Wright,Jennifer Anderson,36,false,2023-09-13,5,86,e23494ac2796dc214a483a0920f11699a26916d0f69bf38a4e373d9111e38b2d,imported_system
33,Amoxicillin B,Antibiotics,3,Brazil,5,Sophia Davis,John Mitchell,28,true,2023-01-02,4,8,0869cb30078e5e902775a68e31b5b1c872a225004de40aa43cf3c19b81596c1a,
38,Sertraline B,Antidepressants,3,Brazil,7,Olivia Hall,Ryan Allen,27,true,2023-04-18,4,36,9c86f00159c23978d60a4480bd17ac84e35b92cfd6733a85c12664ea82fca71f,#
35,Amoxicillin I,Antibiotics,5,India,8,William Nelson,Lauren Evans,38,true,2023-03-02,1,97,400753bd7e0277a1bdb60c3fdb90d7c5ea9f703c48007b40150ab9b3ee73ecff,
37,Sertraline P,Antidepressants,2,Portugal,3,Laura Thompson,Jason Miller,23,false,2023-05-21,1,20,0ad772cd0ed90897d7f821705bbe97d09870ed794f8278cc9be6b3872ce24d6c,***
11,Omeprazole G,Antacids,1,Germany,9,Emily Lewis,Anthony Turner,26,false,2023-06-01,5,33,f36b9f995925d4e335975be391abc6f1d00e95fd749f4862f39756f62b7e2a47,imported_system
29,Atenolol F,Antihypertensives,4,France,2,James Carter,Jason MILLER,44,true,2023-08-20,8,97,af2a0bf42647f8ef5e09643417bf2ed4a206f06ae17c9882871a2888c78792c7,#
6,Ibuprofen G,Anti-Inflammatories,1,Germany,7,Olivia Hall,Ryan Allen,27,true,2022-11-20,4,8,35b7ad7cc038ca5ef659d446b2c08b24443e058f0b3d7cc8352291b3bbdf4ad5,
5,Paracetamol I,Analgesics,5,India,10,Alexander Garcia,Ashley Moore,19,true,2022-11-26,10,98,b8d4d60e7f9c0bf2ae6b4c67512d347e1638c8978d1e3e1ed85890e11417ccbe,#
19,Dipyrone F,Analgesics,4,France,8,William Nelson,Lauren Evans,38,true,2023-09-25,10,97,b4ed615d5cb333be3aba7c52ac6d293a306dd5ac3eff07a99914b80544c38bb5,#
23,Simvastatin B,Antihypertensives,3,Brazil,1,Charles Wilson,Angela Taylor,25,true,2023-03-28,7,23,01b3447bbeaa30631a00be43866628e45fea9831ad7185f839d90aa5a667a574,***
36,Sertraline G,Antidepressants,1,Germany,3,Laura Thompson,Jason Miller,23,false,2023-04-05,11,72,898e716494c34ae98e1b638ae176b8160d98c5ba31b6aa599c8364c72b0eca22,***
1,Paracetamol G,Analgesics,1,Germany,5,Sophia Davis,John Mitchell,28,true,2022-12-11,10,33,f349c2114f90ea6328357a603edfefd4f348e590d0ddca2588aed3ee3630bd31,***
30,Atenolol I,Antihypertensives,5,India,11,Ander Kenton,Ashley Moore,23,true,2023-03-22,1,82,b83cb3113bcb133f9480f81b740636c9044bafa541ceff2a4f7082b98a1629e4,***
12,Omeprazole P,Antacids,2,Portugal,8,William Nelson,Lauren Evans,38,true,2023-06-26,8,66,71ad1f4a00b0074bb5631ecdfd31d0120b36b23e27701593b046d9c41815067f,#
31,Amoxicillin G,Antibiotics,1,Germany,8,William Nelson,Lauren Evans,38,true,2022-11-29,9,61,ab6d103ac01fb5bec491974abc28e9502054683b844b80fa4a822bb3874c205d,***
33,Amoxicillin B,Antibiotics,3,Brazil,7,Olivia Hall,Ryan Allen,27,true,2023-02-08,1,33,d56fdb78a89ed83cda7f248984a7cd5e6d78f5a7d9e5c8ce8869a77f964ca83a,
27,Atenolol P,Antihypertensives,2,Portugal,10,Alexander Garcia,Ashley Moore,19,true,2023-06-13,8,35,885bec1d0a921e9e0e150f823caa189135c367426dc2a55f50a2cb0dac863954,
1,Paracetamol G,Analgesics,1,Germany,7,Olivia Hall,Ryan Allen,27,true,2023-11-14,6,87,c4e31ff8be0c44d67e6cfa064c5520a793ad5b398caf9967a765bd285bf44406,
40,Sertraline I,Antidepressants,5,India,8,William Nelson,Lauren Evans,38,true,2023-05-01,12,65,e6b3faf29776c20e9bc1ffbbd4e88e6fb55b81e491ca9268eecf31601e1995d9,
33,Amoxicillin B,Antibiotics,3,Brazil,7,Olivia Hall,Ryan Allen,27,true,2023-03-30,10,91,3b0ca76a792479d274bf87f30e8f60c80752e0c6b7a3ef0113c31437b1165c17,###
19,Dipyrone F,Analgesics,4,France,12,Michael Douglas,Ashley Moore,47,false,2023-08-11,1,25,6dc3bb5f28745f3645d18ccbccd4ffdd14376d0943226986ad5661c7d8b1001c,#
29,Atenolol F,Antihypertensives,4,France,3,Laura Thompson,Jason Miller,23,false,2023-03-27,8,48,9a02893b80af2f4f6b916a467724570ca05f2d13ef98fe7a092827956e6ba505,imported_system
40,Sertraline I,Antidepressants,5,India,12,Michael Douglas,Ashley Moore,47,false,2023-10-30,10,74,0ef6a3f3d284b3b7e00cd16b2950631414ab4b68e1432a4ee24544b1183c2af3,imported_system
31,Amoxicillin G,Antibiotics,1,Germany,8,William Nelson,Lauren Evans,38,true,2023-02-04,9,57,36911a78da6f5cf85c30e1cd73c5617781f73bc2fe8270ee7edda4af2425152a,***
7,Ibuprofen P,Anti-Inflammatories,2,Portugal,2,James Carter,Jason MILLER,44,true,2023-05-16,7,24,ac3377081a3c6959a2e4f9ba7a36f9f2b7f3b5517ff303d09e83489d000197be,#
12,Omeprazole P,Antacids,2,Portugal,5,Sophia Davis,John Mitchell,28,true,2023-07-31,8,38,31c784955084f7758276ccd3d8746388c63eac05414ccf1891e481f89b3f59a1,#
35,Amoxicillin I,Antibiotics,5,India,3,Laura Thompson,Jason Miller,23,false,2023-03-06,1,59,f938e15ca7e81946ed18a4576311cf279efc7212886db1e7226fba3f902ef890,#
23,Simvastatin B,Antihypertensives,3,Brazil,12,Michael Douglas,Ashley Moore,47,false,2023-07-04,10,41,ab027dc54672f78c840a8d4e993c3721e7bc1d7b2bbf7b70aa20c83dfa9270a5,***
15,Omeprazole I,Antacids,5,India,11,Ander Kenton,Ashley Moore,23,true,2023-09-19,7,43,9f3d7fc50c3f98a55ac24280c029cbe578f54930d6073f8d3dd30fe18383f6ab,imported_system
23,Simvastatin B,Antihypertensives,3,Brazil,1,Charles Wilson,Angela Taylor,25,true,2023-08-11,3,92,77283a3fcc93f02d4e23a9a35592c395c7e70511f95178a8263082d6cdb001d0,
18,Dipyrone B,Analgesics,3,Brazil,2,James Carter,Jason MILLER,44,true,2023-08-27,10,29,0ecde3f639f467ada19fa98b454b69aef726ea23a27ec7ee127fbe969a8ab644,###
33,Amoxicillin B,Antibiotics,3,Brazil,4,Emma Robinson,Jason Miller,31,false,2023-07-24,1,38,18e8d2b0e78d361114c8c9ead3bda95db3dbeb2a9cb1fd427efce8c7bffa61b8,
38,Sertraline B,Antidepressants,3,Brazil,10,Alexander Garcia,Ashley Moore,19,true,2023-10-30,5,45,3e872c0bb49374e4bf44e9d588e2895e90f0be7d962edf96893cc4506e3b3e29,
5,Paracetamol I,Analgesics,5,India,1,Charles Wilson,Angela Taylor,25,true,2023-11-13,2,84,ae6ad762fde648339e1d570a115239a9f9c3b1bf294a859500864b1aa327765d,#
9,Ibuprofen F,Anti-Inflammatories,4,France,12,Michael Douglas,Ashley Moore,47,false,2023-03-27,4,32,5384b2b0eab5a90a6d1a1b536eb7417dfbb4e6158c205a9979286f40f39e8c8a,imported_system
40,Sertraline I,Antidepressants,5,India,12,Michael Douglas,Ashley Moore,47,false,2023-04-18,3,34,a79a45cdd1dedf00f06fca02b5a0a280b00cd3f9f47283b0e9a0eaf5014e20a9,#
3,paracetamol B,Analgesics,3,Brazil,11,Ander Kenton,Ashley Moore,23,true,2023-06-18,12,51,6f55c275672e833ad1cbbd29477c274b1646330fc9dd166d15c8a5e22b00ec1e,#
6,Ibuprofen G,Anti-Inflammatories,1,Germany,4,Emma Robinson,Jason Miller,31,false,2023-02-07,6,52,3eaeaacc5acf161a37900f2839ed7c8a800e4a3626d3d80d0880ea0725396ffc,###
29,Atenolol F,Antihypertensives,4,France,12,Michael Douglas,Ashley Moore,47,false,2023-04-17,7,67,e4d8e2c97976e3e0ddeae407fd54987f0b4f8d6792284742b51399a078765319,***
8,Ibuprofen B,Anti-Inflammatories,3,Brazil,8,William Nelson,Lauren Evans,38,true,2023-03-08,10,86,4d9ee7b10df86c1cee1c3bc74a238b45e5a993c43dd8f707ff68806ffaa84992,###
8,Ibuprofen B,Anti-Inflammatories,3,Brazil,7,Olivia Hall,Ryan Allen,27,true,2023-07-07,4,49,28821a62b1732296ec5638b139a19644370d3596ad93484650bcb67730fbc235,
28,Atenolol B,Antihypertensives,3,Brazil,6,Michael Wright,Jennifer Anderson,36,false,2023-02-23,1,65,b21d716e9502dda7a43e7b8d20359b7f3fd88fe0b4deabd250811e5ffba4845d,###
38,Sertraline B,Antidepressants,3,Brazil,11,Ander Kenton,Ashley Moore,23,true,2022-11-21,2,49,033521914c12c44580168c207f16000da5ba9d1f90229ab0de9e43e870215b05,
38,Sertraline B,Antidepressants,3,Brazil,10,Alexander Garcia,Ashley Moore,19,true,2023-05-24,2,86,0ed6c37ef084acbcc37e8d16a12228dd80a05fd96a71f3ffe88d0e0a0b8d840b,
33,Amoxicillin B,Antibiotics,3,Brazil,6,Michael Wright,Jennifer Anderson,36,false,2023-10-06,1,3,297afab895c3330d6fa74a52e89be6b3677f0ebf7237ff36050934c4946250c7,imported_system
6,Ibuprofen G,Anti-Inflammatories,1,Germany,2,James Carter,Jason MILLER,44,true,2022-11-20,3,78,5bdf200372ca956a5f3fdb4301146e174b3baccf63f2cdd9d3e218dbbcddbfeb,imported_system
11,Omeprazole G,Antacids,1,Germany,8,William Nelson,Lauren Evans,38,true,2023-09-24,10,13,68021171770710a57f603500241b1e9357f63a62d94fc3365517b680cff2f1a3,***
11,Omeprazole G,Antacids,1,Germany,12,Michael Douglas,Ashley Moore,47,false,2023-10-05,11,73,0e74a97ec6043702bebe27b5582b66de2df8ac7a7b0debe7d24e9ed9e066d7e0,imported_system
7,Ibuprofen P,Anti-Inflammatories,2,Portugal,7,Olivia Hall,Ryan Allen,27,true,2023-07-15,9,98,d85627350c389d276c1e9221735a0cb06fe524973b1491c9cb0cf5979c5272c5,#
32,Amoxicillin P,Antibiotics,2,Portugal,3,Laura Thompson,Jason Miller,23,false,2023-10-05,10,80,9d87dd1e9a30fb648cebc6245f87f80d6b1cefe75398aab847c751bd2974d223,
4,Paracetamol F,Analgesics,4,France,7,Olivia Hall,Ryan Allen,27,true,2023-10-29,11,49,0929e8b8a5ba31f6d0f1d28255ae5d954df462103adac486543089f5290a4553,***
9,Ibuprofen F,Anti-Inflammatories,4,France,11,Ander Kenton,Ashley Moore,23,true,2023-04-04,9,15,23fe988e3018745bdc07b72c0a9220ed8a522d8c2a78758852da9a8bbb5235dc,#
21,Simvastatin G,Antihypertensives,1,Germany,6,Michael Wright,Jennifer Anderson,36,false,2023-10-22,7,84,b160f63838d58d4826f25f4b172876ba92f248098fde73bccfef76bdda65cc16,***
11,Omeprazole G,Antacids,1,Germany,11,Ander Kenton,Ashley Moore,23,true,2023-01-21,1,61,d589e64de02695f03f3b0a1d21cf686aad33a8c073a408bb122ce471a83be17f,imported_system
35,Amoxicillin I,Antibiotics,5,India,9,Emily Lewis,Anthony Turner,26,false,2023-09-29,2,27,0b3eeb8f521d0d3d12b2999a0e6be149d8b73e94b7e93d463ac58d70954df056,###
19,Dipyrone F,Analgesics,4,France,3,Laura Thompson,Jason Miller,23,false,2023-08-15,2,68,978cfb2af1fb3eafc2199da71d63c1bcdcb911c7ac486162219fc506a757ed0d,imported_system
32,Amoxicillin P,Antibiotics,2,Portugal,10,Alexander Garcia,Ashley Moore,19,true,2022-11-29,1,68,0cbff52c9979486203b9c6dfa94b992e63e8bdee1ab8fdfd1e8d0bdb9d90e4ee,###
18,Dipyrone B,Analgesics,3,Brazil,5,Sophia Davis,John Mitchell,28,true,2023-05-13,8,37,e12868d1f3963e0e1129b3a6442b6d3d7d8e4eb7e27d34348b29523f0ae37748,
12,Omeprazole P,Antacids,2,Portugal,1,Charles Wilson,Angela Taylor,25,true,2023-01-01,4,70,019c913613f63a0c7169447bae2db0a72adf0b1bc541c25a13ddbbc1c661b8a2,***
23,Simvastatin B,Antihypertensives,3,Brazil,5,Sophia Davis,John Mitchell,28,true,2023-11-15,6,43,8171e40bfede1c3bab0823f36d4769d18251534b30f87daeaef4ac4ac9027938,###
29,Atenolol F,Antihypertensives,4,France,6,Michael Wright,Jennifer Anderson,36,false,2023-05-22,1,73,5be6928069cf346181c3a19b004170470a5ba9618287f9e68069c11bc4830222,***
3,paracetamol B,Analgesics,3,Brazil,5,Sophia Davis,John Mitchell,28,true,2023-05-06,2,19,d666fa63826c52cadea5d486a2d401a644b2d7853eb31e807f09b0a2135f6d89,#
15,Omeprazole I,Antacids,5,India,10,Alexander Garcia,Ashley Moore,19,true,2023-05-06,9,62,e7ae4dfe0154beabf6703f9cde2920ff686ff097ad154f8713e6323b13c8b7e0,
36,Sertraline G,Antidepressants,1,Germany,5,Sophia Davis,John Mitchell,28,true,2023-02-20,4,74,2f0c0fb07981a103ac3c6b62666c97b7d65ed87dbcdd7d657acd29e29bc036f9,#
14,Omeprazole F,Antacids,4,France,8,William Nelson,Lauren Evans,38,true,2022-12-03,10,86,dfc53726f24bfca63da140750e76e95415df4beff293b6ac9951f4e72ec8417d,imported_system
37,Sertraline P,Antidepressants,2,Portugal,1,Charles Wilson,Angela Taylor,25,true,2023-06-07,3,69,b3744066f5a529392c26b3fe2d326a7493e29e347a353e8930711d7d7750e3b3,###
27,Atenolol P,Antihypertensives,2,Portugal,5,Sophia Davis,John Mitchell,28,true,2023-08-07,5,12,733bab4688d89a70824b4535a07e8c81370942f9d5d569a69ceb9154ad8bb1b4,***
3,paracetamol B,Analgesics,3,Brazil,3,Laura Thompson,Jason Miller,23,false,2023-11-15,9,81,91e80ce18dd4b997bcdd6bf34f109c7e27b0c516a7756ee253ab541c415aa2ef,
15,Omeprazole I,Antacids,5,India,3,Laura Thompson,Jason Miller,23,false,2023-10-25,5,46,2fc73b5791802ab4c13b629dc7983a28eda3e9b0eb7d1b029164ddd84d5f2d7f,###
21,Simvastatin G,Antihypertensives,1,Germany,5,Sophia Davis,John Mitchell,28,true,2023-05-10,6,9,baa05e4456e6e3d77f9e2ff42747b2917a538904c3e2ecf1b0048c600b36b9b8,#
19,Dipyrone F,Analgesics,4,France,2,James Carter,Jason MILLER,44,true,2022-12-16,5,99,8d074ae6786e9a952cf95085a1fccc09bc7fb6b212c30a5d74334783dd1ffe1d,###
34,Amoxicillin F,Antibiotics,4,France,8,William Nelson,Lauren Evans,38,true,2023-04-27,8,91,8ab3afab58a88bf29e0c99c231d02856dccac728588d9659f88af97dbe65f3bd,
20,Dipyrone I,Analgesics,5,India,2,James Carter,Jason MILLER,44,true,2023-09-11,1,10,71efe86ba33b35de4830f7f131d607b366ab8869b95ff83a66bbadcc28b0436e,#
35,Amoxicillin I,Antibiotics,5,India,2,James Carter,Jason MILLER,44,true,2023-09-21,2,45,8bd05bcba665530f6c213fee5c8b6aec2d1862e8586f2dc52679d2f2aa1d0e24,***
13,Omeprazole B,Antacids,3,Brazil,6,Michael Wright,Jennifer Anderson,36,false,2023-04-09,6,79,584ab18ea3410fbd896aa74e079bbc56f97da141c622ddf3e453f9789119d32f,***
15,Omeprazole I,Antacids,5,India,3,Laura Thompson,Jason Miller,23,false,2023-04-11,12,30,20d82276c9b503322804c1971694dabe697bbe32ff86c254e4b8e6973199b077,***
15,Omeprazole I,Antacids,5,India,6,Michael Wright,Jennifer Anderson,36,false,2023-05-05,2,64,b4465ede5691891836ccc432bb8c49e1537b1d0a74f721a607cb016c8117eae6,***
5,Paracetamol I,Analgesics,5,India,1,Charles Wilson,Angela Taylor,25,true,2023-02-04,11,83,bbe3ced491b7e063b7bb74fd563bebdfdc10604fc3df2ab11f1b04ac5c2f2e3a,
19,Dipyrone F,Analgesics,4,France,2,James Carter,Jason MILLER,44,true,2023-09-14,3,55,3dab31dab247d9ae12c994a19393e6f3ef14d2e9a45f2bbbaf307386b1b98dc3,#
22,simvastatin P  ,Antihypertensives,2,Portugal,9,Emily Lewis,Anthony Turner,26,false,2023-02-02,10,84,14f9f3bdf3edbe4495cc4d52b218cb1b64c829940198227b1abca7a9ede84f97,#
29,Atenolol F,Antihypertensives,4,France,2,James Carter,Jason MILLER,44,true,2022-11-30,10,63,a66873bae38402a31cd89edf4bc9aab1e9425675350aeb9fd29f08628098d9ce,#
15,Omeprazole I,Antacids,5,India,10,Alexander Garcia,Ashley Moore,19,true,2023-05-29,6,74,5c939bd6665ab5ac8325ad35a0c48e038626928a7fe92e5cee8fd27bac58494b,
25,Simvastatin I,Antihypertensives,5,India,2,James Carter,Jason MILLER,44,true,2023-10-05,1,28,8ba84855f6e975a9260718fb3f03602a0afe55acbbbebe0ba4e271c52b6d7cb3,imported_system
5,Paracetamol I,Analgesics,5,India,10,Alexander Garcia,Ashley Moore,19,true,2023-04-03,11,23,45141e9bc42c5a85bf2d7eee5e5be63f9d8c3c05e03da2b94fcf1fae44f3b7d0,#
11,Omeprazole G,Antacids,1,Germany,8,William Nelson,Lauren Evans,38,true,2023-06-08,12,67,8f8e5e94a04b935f7e3df51a6e56d5558d218038707bea933c99825f3a698ff3,imported_system
23,Simvastatin B,Antihypertensives,3,Brazil,7,Olivia Hall,Ryan Allen,27,true,2023-01-27,1,80,41e20b7d9413241e193d5f3da71766e5508cfdf387424451e8e8022380af2026,###
33,Amoxicillin B,Antibiotics,3,Brazil,3,Laura Thompson,Jason Miller,23,false,2023-06-06,7,74,58fba9dfd380f8a343502c419727c5b132891be4983788da231a70444f316899,***
5,Paracetamol I,Analgesics,5,India,11,Ander Kenton,Ashley Moore,23,true,2023-01-21,4,14,082346ef1b95e345989473d91c5105638a3fa2ea7f3b17ddd6b589227c69c4d6,#
12,Omeprazole P,Antacids,2,Portugal,2,James Carter,Jason MILLER,44,true,2023-01-03,3,14,2e61a31721037b7350cf2621e36666f7966655b7533277278123681be746ce47,***
29,Atenolol F,Antihypertensives,4,France,7,Olivia Hall,Ryan Allen,27,true,2023-06-30,8,15,e0c026cc63b2b8e041266e0c658ebd6f30ae179e98f7fe3bf17bceb5de206f79,###
16,dipyrone G,Analgesics,1,Germany,6,Michael Wright,Jennifer Anderson,36,false,2023-03-20,8,36,15d0bda5c7adb97413b421f94cf355b7f1245e89dcf7d9766fb105426bbd732f,imported_system
39,Sertraline F,Antidepressants,4,France,10,Alexander Garcia,Ashley Moore,19,true,2023-05-14,3,7,39018ffeeb7f2dcf5dac9d675cd1119ca30d5e29c5e0043efb86a4941bc1b40b,
31,Amoxicillin G,Antibiotics,1,Germany,2,James Carter,Jason MILLER,44,true,2023-11-12,12,27,f0d7898cd553d3b10026b1eb297419f95d941be095fc9a9653702be8d6eb24f3,
29,Atenolol F,Antihypertensives,4,France,2,James Carter,Jason MILLER,44,true,2023-04-01,9,35,20cced3966561916ab822440da8606c7c80eb20d7ed9b2b254f47737452b6619,#
37,Sertraline P,Antidepressants,2,Portugal,11,Ander Kenton,Ashley Moore,23,true,2023-03-24,3,67,0e397d8c538490681e99507d67f741fd4df6e8b3ce7eef1e001f61d042ed78bc,###
13,Omeprazole B,Antacids,3,Brazil,10,Alexander Garcia,Ashley Moore,19,true,2023-04-16,8,85,ebd55024642f59dda992032224e38310c866e04836bf52969c291fade6e23af8,###
8,Ibuprofen B,Anti-Inflammatories,3,Brazil,2,James Carter,Jason MILLER,44,true,2023-10-01,3,50,f538574df21f2e7aac7542fd476afa76c19955a48855f2518bc5d155301a13fa,
19,Dipyrone F,Analgesics,4,France,1,Charles Wilson,Angela Taylor,25,true,2023-02-27,5,47,bbd4f8bb0152232b2ec13a521ff6395365031ba35abc780c87606cb146d367db,###
4,Paracetamol F,Analgesics,4,France,12,Michael Douglas,Ashley Moore,47,false,2023-05-13,9,28,627c2f9cf537216f24bf0cfdcfcc0473f280aea7a584bd2bcaaee89acfd9f4fb,
36,Sertraline G,Antidepressants,1,Germany,3,Laura Thompson,Jason Miller,23,false,2023-04-19,1,87,73559af099f82ebf1406f9d704f1135024dd7735bb420cd950faa888dac4bc96,
11,Omeprazole G,Antacids,1,Germany,11,Ander Kenton,Ashley Moore,23,true,2022-12-03,11,98,38770324bfc5e04f9c846255d07dbde0058218b917130d6271d6a283db8a9642,#
5,Paracetamol I,Analgesics,5,India,10,Alexander Garcia,Ashley Moore,19,true,2023-07-07,6,91,5f3859f1591bec2f893ec7bfd8bcd31e1b312abbba0d3211b1acb7db99b93788,
29,Atenolol F,Antihypertensives,4,France,9,Emily Lewis,Anthony Turner,26,false,2023-01-29,2,81,01782322bd8679695a26e37f6256031e12c230f694408bf690c3d593de882d7b,
34,Amoxicillin F,Antibiotics,4,France,2,James Carter,Jason MILLER,44,true,2023-07-20,8,51,22edc39f428a8849694dcd09be9756b629b8338096519691129932c32a3bcd92,
38,Sertraline B,Antidepressants,3,Brazil,8,William Nelson,Lauren Evans,38,true,2023-03-31,12,5,a9f4268f255d9cc0e71bc0fd1bd818b86f503c6d7e58d4b36cc2ec41573dae39,imported_system
6,Ibuprofen G,Anti-Inflammatories,1,Germany,11,Ander Kenton,Ashley Moore,23,true,2023-05-28,3,71,5ab3dfc8eaf7b90cc527d43eb112f12c1b48fa3a025923f9e2c6ef5e0e86e348,
31,Amoxicillin G,Antibiotics,1,Germany,7,Olivia Hall,Ryan Allen,27,true,2022-12-05,11,80,c1893f47a84fad2336e4de62b43848965b743adfaa028395a2bbdac1f65d386b,***
35,Amoxicillin I,Antibiotics,5,India,2,James Carter,Jason MILLER,44,true,2023-08-05,8,8,d23c5226a21c8b6918fc57830bac4261a9b3b473335604b3bb49dd4f1860e23a,
14,Omeprazole F,Antacids,4,France,7,Olivia Hall,Ryan Allen,27,true,2023-03-14,9,83,50280a378e2fb02fb74fe7bc5e306d16e22ce982a7e70d5a89f195464b40225f,#
37,Sertraline P,Antidepressants,2,Portugal,6,Michael Wright,Jennifer Anderson,36,false,2023-02-15,5,90,da6d880efeeca5d63ba2b5774ffdb40eb8f4c45f9ff03cad528fefdf531c5628,###
23,Simvastatin B,Antihypertensives,3,Brazil,5,Sophia Davis,John Mitchell,28,true,2023-11-02,4,94,413de224e7ce7b6f23efa3f2c6afa200247eca448cd13ea12e6418bddf8cf71f,imported_system
14,Omeprazole F,Antacids,4,France,5,Sophia Davis,John Mitchell,28,true,2023-07-07,10,62,e3768df728e2010d247673212d2b012d82445624ffb6ea2673e0200d2731fe0b,***
39,Sertraline F,Antidepressants,4,France,12,Michael Douglas,Ashley Moore,47,false,2023-08-22,9,44,cf12beedf3a07e28adbb36f564ab5074bf4f8a6a4d86a1eb54220753040f0b66,***
27,Atenolol P,Antihypertensives,2,Portugal,1,Charles Wilson,Angela Taylor,25,true,2023-04-07,5,23,606da9561ddef5910f042fbb5d4f3ddc9129916a92391709fc36851dd89759af,imported_system
23,Simvastatin B,Antihypertensives,3,Brazil,9,Emily Lewis,Anthony Turner,26,false,2023-10-24,6,69,a9b74d40307e40089aa3f7e16dcc0cfea80419259e58469a39f06752aee2048e,#
3,paracetamol B,Analgesics,3,Brazil,7,Olivia Hall,Ryan Allen,27,true,2023-11-04,9,46,efc444fc96ed86d076de5f2575a8591ec4168810fa79cd761ba038a4b1210633,imported_system
34,Amoxicillin F,Antibiotics,4,France,6,Michael Wright,Jennifer Anderson,36,false,2023-02-25,9,8,e4be16b698edd1a2f499a040f99f71477671eed49ee9024735d6760305956a04,###
39,Sertraline F,Antidepressants,4,France,6,Michael Wright,Jennifer Anderson,36,false,2022-11-22,1,38,b4594bdca41e0ef8fd5bbea3e0540b8d42a272ce8bc2fc3e33d3a2f49ec7ed1a,imported_system
3,paracetamol B,Analgesics,3,Brazil,11,Ander Kenton,Ashley Moore,23,true,2022-11-25,4,92,cff0e3db64d0507c2c62876884f62a7abde7c2b884937d5f580a880fab2431ba,imported_system
9,Ibuprofen F,Anti-Inflammatories,4,France,2,James Carter,Jason MILLER,44,true,2023-06-25,12,16,b3c24a5e33aa0057eae207a469be9c909ea962c379ca21092aa691bb09faa11f,#
35,Amoxicillin I,Antibiotics,5,India,7,Olivia Hall,Ryan Allen,27,true,2022-12-21,3,3,96ede1fa34e5f532ac41795435bf65c797ebb4fcce1718a4606db93b33896278,###
20,Dipyrone I,Analgesics,5,India,6,Michael Wright,Jennifer Anderson,36,false,2023-04-08,7,48,817135bb98bcc13b947cc59112dda93dc1887d618a4d3a6e5f60694ee8c9adb9,###
14,Omeprazole F,Antacids,4,France,11,Ander Kenton,Ashley Moore,23,true,2023-01-12,10,17,52558cb584c322ce06bc71777ddf400d2585bec7e64a888334aca9c24b016287,***
37,Sertraline P,Antidepressants,2,Portugal,7,Olivia Hall,Ryan Allen,27,true,2023-11-12,4,36,75593729f2e401a447bf66fc803a4599c4fecbe7d0589cc1f42de77fec141086,
13,Omeprazole B,Antacids,3,Brazil,1,Charles Wilson,Angela Taylor,25,true,2023-07-26,7,45,2af5f52aa16e0b4ad6794fed6af52feb93fdf12afd391486106fc37671fe3795,***
18,Dipyrone B,Analgesics,3,Brazil,7,Olivia Hall,Ryan Allen,27,true,2022-11-16,6,46,19b3277cda3fe10ec63ecd0517453b399e386ea3a475c891f3a2e7b55c246fba,
6,Ibuprofen G,Anti-Inflammatories,1,Germany,8,William Nelson,Lauren Evans,38,true,2022-11-18,7,92,e56cfdf71126227eabdf94079d4bc09dfdb7c03215e249428c0f04a385c43ac1,imported_system
23,Simvastatin B,Antihypertensives,3,Brazil,3,Laura Thompson,Jason Miller,23,false,2023-09-16,8,81,c65602ea934cb0c62dc0e3be56abfb01d3e54178745405dc9643207988118d85,#
5,Paracetamol I,Analgesics,5,India,5,Sophia Davis,John Mitchell,28,true,2023-01-05,8,3,a616f596361baa78fd8f8f7b80db7da11eb0f6a7784501cbecd3b8d0fa950c77,###
34,Amoxicillin F,Antibiotics,4,France,11,Ander Kenton,Ashley Moore,23,true,2023-01-05,6,35,5ab6045342e459b7077c9586c3ae62cc735984d5c1346164201986a49656f50c,#
16,dipyrone G,Analgesics,1,Germany,3,Laura Thompson,Jason Miller,23,false,2023-03-10,6,21,e2bb9c93d2d557ebb3f6b7641a27def222d508656f84b229c6b83fc8faf8b927,imported_system
33,Amoxicillin B,Antibiotics,3,Brazil,12,Michael Douglas,Ashley Moore,47,false,2022-11-23,10,98,5fff864d27239fa252f76a884f2d427362b8e758d654db16a80d4136a1dca2d2,***
28,Atenolol B,Antihypertensives,3,Brazil,6,Michael Wright,Jennifer Anderson,36,false,2023-04-30,5,32,b5049d000214568a7b4656e17f0a8928c1c511464022d8b32cf387d8f169d2cd,#
9,Ibuprofen F,Anti-Inflammatories,4,France,10,Alexander Garcia,Ashley Moore,19,true,2023-09-22,7,68,be2269dfbd245497cf838a15c2c66e69101889e0fe4b1a9afc908d251ca8f154,imported_system
27,Atenolol P,Antihypertensives,2,Portugal,6,Michael Wright,Jennifer Anderson,36,false,2023-05-30,6,58,c69240ae288cc9fa395f9cfa152d7f333d76d4edc6c1fccacb1ab523f9e79ffd,###
35,Amoxicillin I,Antibiotics,5,India,11,Ander Kenton,Ashley Moore,23,true,2023-11-15,9,48,f24d2ae112a090326a921d2044c4e49469d3f20a2493a290ebd97a16e3888638,#
5,Paracetamol I,Analgesics,5,India,8,William Nelson,Lauren Evans,38,true,2023-07-15,10,23,f5884b3c1784c8860e9aa1092480c9a025317f251a989f359b9091ae63e40273,#
14,Omeprazole F,Antacids,4,France,12,Michael Douglas,Ashley Moore,47,false,2023-06-08,6,21,323fe64c33b1fb4a770fe75fc5defff4aedd4ce16050adec549a0becf45635a5,imported_system
24,Simvastatin F,Antihypertensives,4,France,5,Sophia Davis,John Mitchell,28,true,2023-06-01,9,11,c37c0b7a6bc5e001baef6dc976b88ee6a5c83fbe894918ce0372c8712bf8538a,###
32,Amoxicillin P,Antibiotics,2,Portugal,7,Olivia Hall,Ryan Allen,27,true,2022-12-18,11,21,b0d766f02de619f54c36aa4499b99d8bb9c14d3bb689ade86e6778a84e9f8882,###
26,Atenolol G,Antihypertensives,1,Germany,3,Laura Thompson,Jason Miller,23,false,2023-06-16,10,97,06a3ed3022d7313e540f418e791f464ddf523413aed66416ff0e1a5ecdfb697d,***
9,Ibuprofen F,Anti-Inflammatories,4,France,11,Ander Kenton,Ashley Moore,23,true,2023-01-26,5,27,240b560f82267384048f9528e3a87b6f3cef5ab58c42f76701155fe0399f258c,***
15,Omeprazole I,Antacids,5,India,2,James Carter,Jason MILLER,44,true,2023-03-15,11,20,fab4fbebf6e34d95b5b750ffcbc251b7ece7985a15142459d0c878b50f61d6bf,***
22,simvastatin P  ,Antihypertensives,2,Portugal,5,Sophia Davis,John Mitchell,28,true,2023-11-08,10,81,5ccbd7675ec6d4b561939300fadfda1321480c1fd257ede236dc775c008193cd,#
40,Sertraline I,Antidepressants,5,India,3,Laura Thompson,Jason Miller,23,false,2023-01-30,8,77,2a52c1a3f5929d84d984f188f89697fd88454c92a658b97a00023abf04171058,#
25,Simvastatin I,Antihypertensives,5,India,6,Michael Wright,Jennifer Anderson,36,false,2023-07-22,1,29,0c85e6a444146d02f4ba2e061ff470ed16ba11a7717c3a00c4f7c37ab5982748,
33,Amoxicillin B,Antibiotics,3,Brazil,7,Olivia Hall,Ryan Allen,27,true,2023-11-13,3,77,76fbcd7c7892e6c5a126c1b494a11bbefa53d1dd969d625e3b6a1b681f22c20b,
33,Amoxicillin B,Antibiotics,3,Brazil,12,Michael Douglas,Ashley Moore,47,false,2023-05-25,7,97,124d91922f5d7694507d1ce67b19a23aa9483373ae3e9b4abbbdfc71715065a3,#
8,Ibuprofen B,Anti-Inflammatories,3,Brazil,1,Charles Wilson,Angela Taylor,25,true,2023-06-24,2,27,317ca0453c2b1ab5ddb27d78adef297a2ad62789b70a4b2317b8a27fbfa72f1a,***
20,Dipyrone I,Analgesics,5,India,1,Charles Wilson,Angela Taylor,25,true,2023-10-31,1,34,917927c0c341c3dfde3a9c86b4f491496030d7a303a161dcfe3c045d61c78825,###
22,simvastatin P  ,Antihypertensives,2,Portugal,6,Michael Wright,Jennifer Anderson,36,false,2023-05-28,9,84,9baf2773af532ddeab78e12a1be8dae49b26bd6fdc293954c61067266288845b,imported_system
9,Ibuprofen F,Anti-Inflammatories,4,France,1,Charles Wilson,Angela Taylor,25,true,2023-10-10,2,39,f1c1fafb6e507fd3cd264fed0f9a63fb72a9ba89c515ce2746f1c17bf073b262,imported_system
37,Sertraline P,Antidepressants,2,Portugal,8,William Nelson,Lauren Evans,38,true,2022-11-29,12,9,dc125ee72cb06f19445e7ae1e6f071a5444bac3c6fd26646b569083a5fc90988,#
23,Simvastatin B,Antihypertensives,3,Brazil,8,William Nelson,Lauren Evans,38,true,2023-10-04,1,23,77793f3d8c70ce62ef027de9bccb0dc2500ed7fb3d52bb2fb28c2bd97570ae69,imported_system
27,Atenolol P,Antihypertensives,2,Portugal,7,Olivia Hall,Ryan Allen,27,true,2023-07-11,1,10,1c0a41630b5cac336389be45847d61015327e5dc9affe92b726f182ad0f1c997,imported_system
13,Omeprazole B,Antacids,3,Brazil,10,Alexander Garcia,Ashley Moore,19,true,2023-03-22,10,2,f90c900afb0f7333854beda7e67629c66d386ff824982b2557defee719f5676a,***
22,simvastatin P  ,Antihypertensives,2,Portugal,7,Olivia Hall,Ryan Allen,27,true,2023-07-05,3,94,c84f11d1a64b0c753653484b09b1b1a39f4c322620782d4a5e53cab92d34f7c3,***
1,Paracetamol G,Analgesics,1,Germany,4,Emma Robinson,Jason Miller,31,false,2023-11-14,10,18,2a5923f37dd9202f3bc0edc809a8c07de8fbabc5281238034e43504929685988,
10,Ibuprofen I,Anti-Inflammatories,5,India,9,Emily Lewis,Anthony Turner,26,false,2023-09-14,10,42,310cdb91d5b90928e6a4d2f920892e9ae0dfb50849c9fc638771c72afde3cfbc,***
33,Amoxicillin B,Antibiotics,3,Brazil,4,Emma Robinson,Jason Miller,31,false,2023-01-24,10,88,53dc7a5135e96bcb2ce66063c039c8029f08c92cabba746566d685d867f82bb4,***
12,Omeprazole P,Antacids,2,Portugal,2,James Carter,Jason MILLER,44,true,2023-07-19,7,83,5b4f2b06cff82d1c094ed5e862727daf1287a66ca73f58c82a2f5c84d71b5414,###
35,Amoxicillin I,Antibiotics,5,India,10,Alexander Garcia,Ashley Moore,19,true,2022-12-24,4,61,cf358d1c9b1875c60618197814b03f0b0bb568c0d51dca21a2fade06601c53c6,imported_system
1,Paracetamol G,Analgesics,1,Germany,7,Olivia Hall,Ryan Allen,27,true,2023-09-11,2,36,d7204827e2bf57ce43d194f080095482212736837ecfbbc2df59992d21172326,***
13,Omeprazole B,Antacids,3,Brazil,10,Alexander Garcia,Ashley Moore,19,true,2023-11-09,3,10,8820f605afd3acf6dc65b89e24ed648d25bc1d0f229a207abfdc2dcd8c6bafbe,
3,paracetamol B,Analgesics,3,Brazil,2,James Carter,Jason MILLER,44,true,2023-06-19,9,37,b8bd88ec624b15e49bae96a0444e353f91199fc0908fa0db1b32ca289f29d14c,###
39,Sertraline F,Antidepressants,4,France,11,Ander Kenton,Ashley Moore,23,true,2023-02-23,9,26,0f32f06c38c2ffbea562c26c65cc1c131db16aafa7f4365aa4612672c4d977b0,***
4,Paracetamol F,Analgesics,4,France,4,Emma Robinson,Jason Miller,31,false,2023-05-05,10,42,e1547db9c7aa94564483856c9f7175baacae6aef11242af4baff3d243db34e7a,
6,Ibuprofen G,Anti-Inflammatories,1,Germany,12,Michael Douglas,Ashley Moore,47,false,2023-03-22,7,31,7f99a1828664216bd32c62a07daf59f31c4ed70029090efaafb788b0510cb406,
11,Omeprazole G,Antacids,1,Germany,6,Michael Wright,Jennifer Anderson,36,false,2023-10-25,10,73,658094c7aaaef2d0be6741930c03a5e5b2f9912177c706ec5a73a5ae57dae21d,***
3,paracetamol B,Analgesics,3,Brazil,2,James Carter,Jason MILLER,44,true,2023-07-12,4,14,0bc5294db5967a1f20af1073f7c7320dbd16fbf8269fb92dc684328b9e45a183,#
1,Paracetamol G,Analgesics,1,Germany,5,Sophia Davis,John Mitchell,28,true,2023-05-28,1,2,f09997b7f597f64a26f57d5d68187dc3690b7203fc6e94eeadd00108ad4944e6,#
38,Sertraline B,Antidepressants,3,Brazil,3,Laura Thompson,Jason Miller,23,false,2023-05-22,8,87,a173397bbe0f0c8d1e07a17d525cc37683022beabbe76fa04322778f6d661aca,#
11,Omeprazole G,Antacids,1,Germany,9,Emily Lewis,Anthony Turner,26,false,2023-02-09,6,13,b074c2731a233046b5c8b0a84a661318f00daa2b354b42bb937d7718a038f680,imported_system
2,Paracetamol P,Analgesics,2,Portugal,8,William Nelson,Lauren Evans,38,true,2022-12-06,8,22,98f2cbf89ca9e35caeba21247085fffbf9f2ba20ca1fb5eee71d97295acb384b,#
2,Paracetamol P,Analgesics,2,Portugal,2,James Carter,Jason MILLER,44,true,2023-10-01,1,41,0d884f1a931ecc379d32e7a6bbf1fd46f88613ceb1e31755d80df385017d5c43,###
22,simvastatin P  ,Antihypertensives,2,Portugal,9,Emily Lewis,Anthony Turner,26,false,2023-10-31,3,57,86407785b1aae4f23d271dbf7fd1e9d012d2d84e728ad596c860b14723bea47b,#
31,Amoxicillin G,Antibiotics,1,Germany,6,Michael Wright,Jennifer Anderson,36,false,2023-11-01,4,96,26d37ebd9c73cad94e7c323e382e96cf3c3826c73d0c3cd02452c49d8d3d2135,#
5,Paracetamol I,Analgesics,5,India,8,William Nelson,Lauren Evans,38,true,2023-10-24,12,93,fbfa6f4622e6a01a4e60e88c63a7bde2dad8f99db13571d33b03bbc68277164d,imported_system
34,Amoxicillin F,Antibiotics,4,France,12,Michael Douglas,Ashley Moore,47,false,2022-12-23,7,66,3a70080618571347fbbd69a6ac82b6e9b5cd904f14276ec6417c09361ebdbaad,***
27,Atenolol P,Antihypertensives,2,Portugal,10,Alexander Garcia,Ashley Moore,19,true,2023-03-25,8,26,2b760d78e73642fa765306fb1dba2c3c4201471158ac7c561241b2f7486bf85b,***
20,Dipyrone I,Analgesics,5,India,12,Michael Douglas,Ashley Moore,47,false,2023-08-10,7,13,30988ef2cb03a371b33a9c64366d925a127ce206b5651214a338b3ea6a424b03,#
30,Atenolol I,Antihypertensives,5,India,10,Alexander Garcia,Ashley Moore,19,true,2023-09-27,7,95,d182ec18009e07d7ab69277159733dee5580b3dc7735981bdfb4ef3c966b6b20,imported_system
33,Amoxicillin B,Antibiotics,3,Brazil,5,Sophia Davis,John Mitchell,28,true,2023-05-21,9,18,4de5e16792dd26d991c46fbe024fad4a9d46ef5a661d8a0785aefcc8e81df671,imported_system
18,Dipyrone B,Analgesics,3,Brazil,9,Emily Lewis,Anthony Turner,26,false,2022-12-27,2,69,498ebc3131cec7ce65605fb8c5d3b44f8d229511b2ddeafeaa2fa27657318816,imported_system
22,simvastatin P  ,Antihypertensives,2,Portugal,8,William Nelson,Lauren Evans,38,true,2023-06-05,8,96,115ebd03f111e6ca4696dc1ec92b2e2fc766f89424d046f4bb33dea1fb74539b,###
36,Sertraline G,Antidepressants,1,Germany,1,Charles Wilson,Angela Taylor,25,true,2023-02-21,8,52,b5bd8b6c26ceb0ebfeffc13078d2b8be51f227f5b0a88f2cebb5092db5d109f6,imported_system
36,Sertraline G,Antidepressants,1,Germany,2,James Carter,Jason MILLER,44,true,2023-02-09,11,22,c6dd2010f47b9af4e722d015af89a17ab0539952231a876c861f753ff4f1124a,***
9,Ibuprofen F,Anti-Inflammatories,4,France,12,Michael Douglas,Ashley Moore,47,false,2023-07-03,1,65,c12427a19a5dbc55dcf545a99cc248269889130b31e8ec61e5cda415db949494,imported_system
1,Paracetamol G,Analgesics,1,Germany,7,Olivia Hall,Ryan Allen,27,true,2023-05-02,4,98,2432f52524eea0f6d8d9e17e9bea2ede5b21495e2cb3c4175b2105614b56d61a,imported_system
6,Ibuprofen G,Anti-Inflammatories,1,Germany,5,Sophia Davis,John Mitchell,28,true,2023-06-25,8,35,b1960a34575d6ba40637c111018df6170c920b514c224ef820ce46bd14684a0f,imported_system
39,Sertraline F,Antidepressants,4,France,11,Ander Kenton,Ashley Moore,23,true,2023-06-01,9,94,35b443bb58017422dc80188886e975f8d8a01da51a77f7bd7d28049ded0bf520,###
31,Amoxicillin G,Antibiotics,1,Germany,2,James Carter,Jason MILLER,44,true,2022-11-20,5,96,3701c01b67083d1b676fe8efc7c7c4a327eb4c769e0fed61ffeab207c0576b73,#
3,paracetamol B,Analgesics,3,Brazil,1,Charles Wilson,Angela Taylor,25,true,2023-03-22,8,45,9855a9cf6a9530781ad34168f63fc26e830f205226eb8b7a0a3c13e8917b913b,###
16,dipyrone G,Analgesics,1,Germany,11,Ander Kenton,Ashley Moore,23,true,2022-12-12,11,43,550ce5813e204881075f96ac04b7ee8b4a85327723067d48c6742d0283c185b8,###
20,Dipyrone I,Analgesics,5,India,7,Olivia Hall,Ryan Allen,27,true,2023-05-30,6,11,8be140392743ec8e7aa61d581a5b89a23f30e914c499c2f70baa078b7af4b759,
8,Ibuprofen B,Anti-Inflammatories,3,Brazil,8,William Nelson,Lauren Evans,38,true,2023-01-09,12,81,3c8ee66cae1be7088c1826407911cb8e8b6f6f943161aed8079e8eed4bb40ece,###
5,Paracetamol I,Analgesics,5,India,11,Ander Kenton,Ashley Moore,23,true,2023-09-12,4,72,d206553aab2da3c3b5aa8fa035d33062b7796caea934426aba029005333515e1,#
39,Sertraline F,Antidepressants,4,France,6,Michael Wright,Jennifer Anderson,36,false,2023-03-25,2,8,a2a91c8170dd733076b84470011029229133534a9705f1cb2435afa4bfbb0c4e,#
18,Dipyrone B,Analgesics,3,Brazil,10,Alexander Garcia,Ashley Moore,19,true,2023-09-21,5,70,97b0852e0ccee25de6e991d02504db6cf22c7a0fa0e05d944d9a82e49a003b87,imported_system
12,Omeprazole P,Antacids,2,Portugal,7,Olivia Hall,Ryan Allen,27,true,2023-06-08,11,68,454c8b7e916fe2e535beca495e4c3cda81582691527fec9c97901af30df7bb67,
11,Omeprazole G,Antacids,1,Germany,5,Sophia Davis,John Mitchell,28,true,2023-09-26,8,61,d00809df85d28f3f14749479ad316c9b5e61d9d02c0de0bf0ba1fed3bff9cb8b,
23,Simvastatin B,Antihypertensives,3,Brazil,7,Olivia Hall,Ryan Allen,27,true,2023-04-12,2,63,daf47dd5ec11414eabc473bd15f243fb24d2c71ef582d45148155206245ce002,
11,Omeprazole G,Antacids,1,Germany,9,Emily Lewis,Anthony Turner,26,false,2023-05-21,4,96,ddf4b8409458b07a3d5da9d7c1a27e38a74c3d6bae62ca09182f56bdcd8fc421,
39,Sertraline F,Antidepressants,4,France,5,Sophia Davis,John Mitchell,28,true,2022-11-28,2,61,e4f196268b9a7bf9309bd223beab2a37ed577af2779ff5d6ffa91fb94c4df335,###
6,Ibuprofen G,Anti-Inflammatories,1,Germany,3,Laura Thompson,Jason Miller,23,false,2023-09-17,4,43,54f2d88f6118718f6a67c8cb3849cc95b03838382e0c39ef501f91251e00b1ef,#
6,Ibuprofen G,Anti-Inflammatories,1,Germany,10,Alexander Garcia,Ashley Moore,19,true,2023-09-08,5,82,3f9fadc2cc3a306e6bf75dc0c5fb24f1515e700956af243b9b2188dbc1bd6470,
1,Paracetamol G,Analgesics,1,Germany,7,Olivia Hall,Ryan Allen,27,true,2023-10-14,4,73,2b6835698ec826fc8a67aa6dba29a9ff5f76507e1133037739f19bfb0e0e0b6a,
30,Atenolol I,Antihypertensives,5,India,6,Michael Wright,Jennifer Anderson,36,false,2023-07-30,9,30,9eedf493e4d1273296de30e558bd8e042de8dbe7160ef6677c69c5c35bd1bd60,###
6,Ibuprofen G,Anti-Inflammatories,1,Germany,8,William Nelson,Lauren Evans,38,true,2023-06-18,1,66,42b2bf975d66b673bf2d0a58b8ce496528fae5c9bb90384196f19f2da9a50779,
13,Omeprazole B,Antacids,3,Brazil,4,Emma Robinson,Jason Miller,31,false,2023-10-07,1,53,04426339e55dceddefb38a318501fde2e52d562942213ffe0533e4d6a213c72a,
2,Paracetamol P,Analgesics,2,Portugal,12,Michael Douglas,Ashley Moore,47,false,2023-05-29,11,69,770573151cb028bf6494f628ad9ddd6987af047517af7a30e7a5e8a112a12f7a,***
17,dipyrone P,Analgesics,2,Portugal,11,Ander Kenton,Ashley Moore,23,true,2023-05-09,3,71,be1dfca7b57921df356fe39227da629c8ce9d04ea37b7dc109639a2cd99b127a,imported_system
36,Sertraline G,Antidepressants,1,Germany,1,Charles Wilson,Angela Taylor,25,true,2023-08-27,9,92,1d6440710c1b779b72051eb167425ba37b12f49e4c7dcb4252d1b564b1ec4eda,#
22,simvastatin P  ,Antihypertensives,2,Portugal,4,Emma Robinson,Jason Miller,31,false,2023-01-29,10,55,97c085a0086a88ed3707678718ce54d86e59b52ca3f3ef3e5a915840d831b67c,###
19,Dipyrone F,Analgesics,4,France,12,Michael Douglas,Ashley Moore,47,false,2023-01-30,12,67,c73b0b4097a8c829a336144a864027a1936f433b48e654bea4b354a835797f42,***
19,Dipyrone F,Analgesics,4,France,2,James Carter,Jason MILLER,44,true,2023-10-21,3,46,597448f30b08b46f54b2b913a33fc18a10265db958886f9958fe717a420e88f1,***
35,Amoxicillin I,Antibiotics,5,India,10,Alexander Garcia,Ashley Moore,19,true,2023-10-13,7,64,e6f56f7c3c0ca5d8504c0b5fa18a7c9944a75277af972cbb307f31c85e9922a5,#
36,Sertraline G,Antidepressants,1,Germany,8,William Nelson,Lauren Evans,38,true,2023-06-16,12,75,b70e0cb18c4d2ced9bef6678cbd35ef1603a567761658fa218370b40bf17e0df,#
30,Atenolol I,Antihypertensives,5,India,4,Emma Robinson,Jason Miller,31,false,2023-08-26,8,43,d5a2abe20d3221c6ee3cf51a4b20a638aee7906262e7c403f45fd62d20db373b,***
25,Simvastatin I,Antihypertensives,5,India,8,William Nelson,Lauren Evans,38,true,2023-06-14,3,11,eff0e6ae4540ed9f8e3f284362bcbb1e608cec3bbc701b014c751ccb03154965,imported_system
5,Paracetamol I,Analgesics,5,India,5,Sophia Davis,John Mitchell,28,true,2022-11-18,5,62,15249df41db68bdee2692094baec8cf73bbe33b66fd822dadeb099f96c9e3cbc,
24,Simvastatin F,Antihypertensives,4,France,11,Ander Kenton,Ashley Moore,23,true,2023-04-11,5,66,862ed3d768b41071a264321fe282b941e6d44f52c0f83c7cfa830d022c1515ab,
15,Omeprazole I,Antacids,5,India,4,Emma Robinson,Jason Miller,31,false,2023-02-13,2,28,98e669698b7a0c314d9edb81b8db4e4f5a581ce583c4c083cd3e28d38425ab9f,imported_system
4,Paracetamol F,Analgesics,4,France,9,Emily Lewis,Anthony Turner,26,false,2023-06-16,1,83,d3223f8ecef5d5f0ee7e7d7875533a19bb88c35f35d5c5dc41604677e26c6e82,imported_system
22,simvastatin P  ,Antihypertensives,2,Portugal,10,Alexander Garcia,Ashley Moore,19,true,2023-03-14,12,55,1571ec626eacd21a65769689f8a411912adbd90c737611ab4ff550e5194eac9b,
19,Dipyrone F,Analgesics,4,France,1,Charles Wilson,Angela Taylor,25,true,2023-06-22,11,95,3f2d290ee376fd30210d2c0e53e68126896e1a6b766430349753a72e5f90ee8a,###
12,Omeprazole P,Antacids,2,Portugal,4,Emma Robinson,Jason Miller,31,false,2022-12-07,5,70,bf6d3ad86a892261d4f26c5c7ac11210bfc46cc9d649e23b49e6b72bff843835,imported_system
31,Amoxicillin G,Antibiotics,1,Germany,7,Olivia Hall,Ryan Allen,27,true,2023-09-18,9,61,34a27ac9dadfae189aef3c14d00f2fb0810037e5d638b80622f73c4979f8d35a,
29,Atenolol F,Antihypertensives,4,France,7,Olivia Hall,Ryan Allen,27,true,2023-01-11,11,99,253ed720e13b61f5760f5188b6656907303f1e56843bc377d11ddb7c3217ea7d,imported_system
10,Ibuprofen I,Anti-Inflammatories,5,India,5,Sophia Davis,John Mitchell,28,true,2023-01-26,12,29,0662abd1f7f906e69158ca2a69482ec226dff84ccb294bf5a35553ddc60e9d72,#
37,Sertraline P,Antidepressants,2,Portugal,7,Olivia Hall,Ryan Allen,27,true,2023-11-07,3,41,b86ea0e9831bdb50121b6d4230954013cb60b85a2715428ce99658e6b959cd48,***
21,Simvastatin G,Antihypertensives,1,Germany,6,Michael Wright,Jennifer Anderson,36,false,2023-05-08,8,70,166862444910d5415c67dc95092c5c119356c161f1fc9194f704e498c3e97289,imported_system
13,Omeprazole B,Antacids,3,Brazil,9,Emily Lewis,Anthony Turner,26,false,2023-03-20,10,51,259355f9676e7359225bfec3f52517f545c6c587ed95185b324b53b825d851c9,#
3,paracetamol B,Analgesics,3,Brazil,1,Charles Wilson,Angela Taylor,25,true,2023-06-16,2,53,9c331669e195dabc72b03b100b936c95ff1655508ec962a83102705d710fd832,#
26,Atenolol G,Antihypertensives,1,Germany,9,Emily Lewis,Anthony Turner,26,false,2023-10-27,12,100,5e6d952d34a6098fbc23d340fd0c216d1e37c5f1dda93793ff4e619c176857c0,#
6,Ibuprofen G,Anti-Inflammatories,1,Germany,7,Olivia Hall,Ryan Allen,27,true,2023-04-22,2,54,efe79754016ae51675d05a17ed16f43b5afd3e182bd6c37ecec0662b9b6cbc19,
19,Dipyrone F,Analgesics,4,France,5,Sophia Davis,John Mitchell,28,true,2023-09-27,12,22,9181ae0c6fa6b09124837890b780c1de1315627d8a6e9d41f713411752681196,#
5,Paracetamol I,Analgesics,5,India,10,Alexander Garcia,Ashley Moore,19,true,2023-04-21,3,55,7eedb0fa7d2726953548386739e751dc20c4cde075a0b15e3ff9ebc15e89392b,#
25,Simvastatin I,Antihypertensives,5,India,7,Olivia Hall,Ryan Allen,27,true,2022-12-21,7,80,12bde22a21e6e4c45fc4f022f5b8844e875e29fd7c942dafa22e1bcfe4f5f6db,#
26,Atenolol G,Antihypertensives,1,Germany,12,Michael Douglas,Ashley Moore,47,false,2023-05-20,11,35,d8a9ef54440d3fa3fbad461d5c95f047354e03dd437a2a152f94d7501d2dd480,#
31,Amoxicillin G,Antibiotics,1,Germany,5,Sophia Davis,John Mitchell,28,true,2023-01-29,12,50,7d4761d607f75a1855e1b392bca3a9e97f42eaef94064c8b00f6d4753bbdc357,#
3,paracetamol B,Analgesics,3,Brazil,10,Alexander Garcia,Ashley Moore,19,true,2023-08-30,4,29,ab629049534a5a3dd172e3576da934eccd8aff2f62acd94fbdbb32a62de470fe,#
37,Sertraline P,Antidepressants,2,Portugal,7,Olivia Hall,Ryan Allen,27,true,2023-07-07,9,53,ed8601a844353c07a68c8f978a7a84f4f0b506e563c07c2afe6aa74d0885c02f,***
4,Paracetamol F,Analgesics,4,France,11,Ander Kenton,Ashley Moore,23,true,2023-09-17,7,34,d03f7fd5c5aa9da26c2c55d8f2e8e45b06eeef7d90a52435bc96680da8d24f51,###
22,simvastatin P  ,Antihypertensives,2,Portugal,10,Alexander Garcia,Ashley Moore,19,true,2023-07-28,7,97,03e5f5d992d3e470599def74901ef79f6d1d9a03a823a744b56cc0a8f1c53718,***
32,Amoxicillin P,Antibiotics,2,Portugal,12,Michael Douglas,Ashley Moore,47,false,2023-10-09,8,46,b157d613ddb13c15f305fb4d0590060f0d1d9ed76600ee7de0d91ede209980f1,#
15,Omeprazole I,Antacids,5,India,12,Michael Douglas,Ashley Moore,47,false,2023-09-24,7,5,ef3efdd0cc8ca638971a69b1df0a61700f46648641ad9959858855fe8cfb1b13,
10,Ibuprofen I,Anti-Inflammatories,5,India,3,Laura Thompson,Jason Miller,23,false,2023-07-13,4,6,2c4eba5d6d81176db0203e63a38ab47e8f86b6d1a6b158890e94cd28e944f675,###
8,Ibuprofen B,Anti-Inflammatories,3,Brazil,6,Michael Wright,Jennifer Anderson,36,false,2022-12-26,10,53,fc11f43a1cd812a92a648b0d85df7f10e58b30ed56f60d68912f24384117ce9b,imported_system
5,Paracetamol I,Analgesics,5,India,1,Charles Wilson,Angela Taylor,25,true,2023-05-31,8,88,02fec877e61887d52c89655be4b39b948dc8cfe984297155d740c0f12a59dbf2,imported_system
28,Atenolol B,Antihypertensives,3,Brazil,12,Michael Douglas,Ashley Moore,47,false,2023-04-02,4,72,23e700a481ef79639f1bb44103d4df84b0b24800f0f583e8ab3099403072a415,###
2,Paracetamol P,Analgesics,2,Portugal,3,Laura Thompson,Jason Miller,23,false,2023-09-26,4,70,eaec0810da811e796de7cea903e6ac1e2c325acd61388a3bd6dd1ef900fbe9fd,***
1,Paracetamol G,Analgesics,1,Germany,11,Ander Kenton,Ashley Moore,23,true,2023-06-08,10,98,9edbe5d506f0d96d5a595a3311e47f5c05ad7743e48c4488bc024021430e2b7e,
30,Atenolol I,Antihypertensives,5,India,9,Emily Lewis,Anthony Turner,26,false,2023-04-17,5,42,3c20378a91966ecb725226a1cf19ee7d4616186f3efd5e3674bc5b273c1b6023,***
3,paracetamol B,Analgesics,3,Brazil,2,James Carter,Jason MILLER,44,true,2023-04-29,10,4,f14eb3b878686325be8b78c8ad467baac27ec4fc6519a2a13a3f2dea20024cc6,#
36,Sertraline G,Antidepressants,1,Germany,12,Michael Douglas,Ashley Moore,47,false,2023-07-12,7,80,538ed1a91ba3e377cb3ade4ae634c06e3d094e3133cf998ac5ee486bae8a2c70,#
34,Amoxicillin F,Antibiotics,4,France,4,Emma Robinson,Jason Miller,31,false,2023-07-09,4,31,dfcffaea8b38441744a136a3d26bae10ddd0748eed9d558a2d5a04aec09152ed,###
20,Dipyrone I,Analgesics,5,India,10,Alexander Garcia,Ashley Moore,19,true,2023-04-08,1,86,cf8f13c26b9db7e83e308eeb847cd1279e76ce38021f19e83c75ee9f69a33b89,***
5,Paracetamol I,Analgesics,5,India,12,Michael Douglas,Ashley Moore,47,false,2023-01-14,1,4,96a5d47da1fb11b66fb85347896532ff1ae0795f9aa5714bcfb58615583a5e5b,***
19,Dipyrone F,Analgesics,4,France,12,Michael Douglas,Ashley Moore,47,false,2023-10-14,5,96,d2f5b5c21ea651bc70986f8888fc67c210eab15d1deee7835461352bdf442995,#
11,Omeprazole G,Antacids,1,Germany,11,Ander Kenton,Ashley Moore,23,true,2022-11-19,8,53,1a3056c81c49b8e4b091a0f942f5a88cee2ba457f1426f1071a2beb07db0fd9a,imported_system
10,Ibuprofen I,Anti-Inflammatories,5,India,11,Ander Kenton,Ashley Moore,23,true,2023-09-21,6,9,406e56fcf54911b7ee7d17d6856c1541f0c84876662d8466b68a8f4464fbd2d8,#
35,Amoxicillin I,Antibiotics,5,India,4,Emma Robinson,Jason Miller,31,false,2022-12-21,9,48,19005b9a0a2fa4cd4f24d5df6387dc71a7d9a39a73ca0f649bdaca43cb417cd2,###
2,Paracetamol P,Analgesics,2,Portugal,3,Laura Thompson,Jason Miller,23,false,2022-11-17,12,2,46cfc9bea6e66b33a95fdc167d53f632cef490f1cf0bf661c4949567cf8b38a4,
37,Sertraline P,Antidepressants,2,Portugal,5,Sophia Davis,John Mitchell,28,true,2023-03-25,2,14,d14b72ac30b2434510a97905359b4d6cc7351efd129204db301f7a62bc898229,
1,Paracetamol G,Analgesics,1,Germany,1,Charles Wilson,Angela Taylor,25,true,2022-11-18,8,3,6320064497fdca4ccc06bcf7fa54a86ca78bbe2ec454c276d4c3f30d9e1a7e09,imported_system
33,Amoxicillin B,Antibiotics,3,Brazil,9,Emily Lewis,Anthony Turner,26,false,2022-11-16,1,7,e26e7675ba60f8d8bba2ebae880bfa845c82e306d2001044662855dfd2ba0cef,#
33,Amoxicillin B,Antibiotics,3,Brazil,3,Laura Thompson,Jason Miller,23,false,2023-04-27,12,76,ed85520f2c7ecaa64b49d3cb90cec7b99a80051086ec88afef4609865dad6f32,imported_system
21,Simvastatin G,Antihypertensives,1,Germany,12,Michael Douglas,Ashley Moore,47,false,2022-11-29,4,11,6eb441f67fd166aa4df87943bdc88d7c8cddba4118353e2921e26cfc9c3b3804,###
11,Omeprazole G,Antacids,1,Germany,6,Michael Wright,Jennifer Anderson,36,false,2023-05-14,1,80,7aba5ad27ba922c6f85ca5cb8299eb42b289137a6bc60f516ab919b985bcd8b4,***
12,Omeprazole P,Antacids,2,Portugal,3,Laura Thompson,Jason Miller,23,false,2023-02-11,7,30,918966a72c3a0d0ba8e37076e7ae98e45f83bb563376b3f54b1ec2f12b9a735e,###
11,Omeprazole G,Antacids,1,Germany,7,Olivia Hall,Ryan Allen,27,true,2023-08-19,4,39,d58c1d04620105577f793eeb726421d8b35d58714caebb9cf421719759318923,
29,Atenolol F,Antihypertensives,4,France,10,Alexander Garcia,Ashley Moore,19,true,2023-06-18,3,76,ca90f39707c002760f83f743b8ae17bd6fe9705bcb580eca917aa63d515ab082,#
20,Dipyrone I,Analgesics,5,India,6,Michael Wright,Jennifer Anderson,36,false,2023-06-17,4,81,c9fadd1c085ddc5050881b563156014a3a9aaad5a1ffab44302bc568883698cb,***
37,Sertraline P,Antidepressants,2,Portugal,8,William Nelson,Lauren Evans,38,true,2023-06-08,4,84,39a3f33c719fc089e1084c0f9db82762a14ddb36fd20aa6fb3b3ec3c492a9678,
31,Amoxicillin G,Antibiotics,1,Germany,10,Alexander Garcia,Ashley Moore,19,true,2023-09-26,3,28,d4fe003dd0c572c6485a23637440ef6f58486b24330c7f16d9211a7282aae05d,###
17,dipyrone P,Analgesics,2,Portugal,2,James Carter,Jason MILLER,44,true,2023-04-26,10,13,c34091bdd840eb499ca5e16a336d5691bc20b7013a88e25ff9eea4216bd7fa91,
4,Paracetamol F,Analgesics,4,France,9,Emily Lewis,Anthony Turner,26,false,2023-11-10,10,6,41de1625573bb64b4a62efbedfb3ed02a9739729468a60424b0599955e3498c0,###
37,Sertraline P,Antidepressants,2,Portugal,6,Michael Wright,Jennifer Anderson,36,false,2023-03-16,11,35,47c5b35091f1fe04c4c00280edb12e47fbabd6e5909af1339d40ffb427bbf6f5,***
27,Atenolol P,Antihypertensives,2,Portugal,4,Emma Robinson,Jason Miller,31,false,2023-01-19,2,20,99aa6e14787a8e3bbe7df049f877ff328db72905c13e2858825b7203c058b1fb,#
29,Atenolol F,Antihypertensives,4,France,12,Michael Douglas,Ashley Moore,47,false,2023-06-13,1,79,30e638bd2dc1da0a94b307439409c2ec3cae6e27e3b9e8c91a62ac89946e0b8a,
17,dipyrone P,Analgesics,2,Portugal,12,Michael Douglas,Ashley Moore,47,false,2023-05-02,10,44,c3cf206e8d4eb573101576dadf25098469466c954dc00a6373ddb63f94e3e8ba,***
37,Sertraline P,Antidepressants,2,Portugal,12,Michael Douglas,Ashley Moore,47,false,2023-02-23,10,20,0d685d0e6c2a2d4513de2125b3acec7650aef3fa246f77d9ed2ca120e3db297d,***
4,Paracetamol F,Analgesics,4,France,8,William Nelson,Lauren Evans,38,true,2023-09-30,7,92,8b4f1fc7a218b50b778ffa0d17e36963d476df2fa839bb6e33adb2aac32a7f48,imported_system
26,Atenolol G,Antihypertensives,1,Germany,10,Alexander Garcia,Ashley Moore,19,true,2023-09-07,3,71,a9d08a99e1e9b7112301ba07821bb67f001ed29e6f2c2e190bc98b307dd132cf,***
13,Omeprazole B,Antacids,3,Brazil,4,Emma Robinson,Jason Miller,31,false,2023-09-21,5,6,66f74eb776cecf00cd42e1b6137b12d3451c68ad0e432a3eb9872d41ea57f704,imported_system
20,Dipyrone I,Analgesics,5,India,4,Emma Robinson,Jason Miller,31,false,2023-10-15,8,64,ad4a828ba51a8d61b1f2368155345c8b8ace0e5beeed9557648db94e6d440a1d,imported_system
11,Omeprazole G,Antacids,1,Germany,2,James Carter,Jason MILLER,44,true,2023-09-13,7,56,3cc143ef28c6cd2cd35227daa880a1dcf8bf10b6b51b16c501ee80c754ebbb19,***
16,dipyrone G,Analgesics,1,Germany,9,Emily Lewis,Anthony Turner,26,false,2023-01-18,10,77,98758c1b7590169deece7b6497c14cc5b14202d8832819b647ff83b977847995,###
17,dipyrone P,Analgesics,2,Portugal,5,Sophia Davis,John Mitchell,28,true,2023-07-01,7,77,ccd5e4c20eae9e4ada72b6a93cbf14bff6e15d0a525c7b01e74a2eb0edfbc510,###
9,Ibuprofen F,Anti-Inflammatories,4,France,6,Michael Wright,Jennifer Anderson,36,false,2023-11-01,2,79,25aa8d10604a2297ef9bd71a80ec39f479d684fd62290c0fb004d4698090213a,imported_system
15,Omeprazole I,Antacids,5,India,1,Charles Wilson,Angela Taylor,25,true,2022-11-28,10,33,58c24127145dbf6b44535744447a0708f22e855b8452ef5f14326453664ee0d8,imported_system
35,Amoxicillin I,Antibiotics,5,India,5,Sophia Davis,John Mitchell,28,true,2022-12-21,12,51,d84379f6e438471535c0260e155b925169656cf5ed3f49115174c3ede373af28,imported_system
29,Atenolol F,Antihypertensives,4,France,5,Sophia Davis,John Mitchell,28,true,2022-12-06,12,7,4b014dfebad1cf377672f874c697a8f48574253eecbabeae66a3f5a41694fba6,imported_system
16,dipyrone G,Analgesics,1,Germany,8,William Nelson,Lauren Evans,38,true,2023-04-01,5,77,70c54d1147a72eab4b1c15af4341ebe43da5b67ea94cf34c3db34fcd7cd077f1,imported_system
40,Sertraline I,Antidepressants,5,India,8,William Nelson,Lauren Evans,38,true,2023-06-18,2,44,a3eded1809fd140130f454f1cffe87ac1a12d31c0c8cf0c9e62a776b6980d501,#
15,Omeprazole I,Antacids,5,India,12,Michael Douglas,Ashley Moore,47,false,2023-10-19,10,76,9d35225597b6d3e18d35fd021462b3b8bf781c1bac898c5fce24502924c28207,
37,Sertraline P,Antidepressants,2,Portugal,1,Charles Wilson,Angela Taylor,25,true,2023-10-03,6,10,ade25c4b4274ba147ea79b17d8cea5240062968dd25483fc9b76b679eda7a72c,
13,Omeprazole B,Antacids,3,Brazil,7,Olivia Hall,Ryan Allen,27,true,2023-04-22,4,57,a7c8b011b2709ef35a161a7204b183558383dc97d784cdd3a4ef9b4053c23437,#
2,Paracetamol P,Analgesics,2,Portugal,5,Sophia Davis,John Mitchell,28,true,2023-06-01,5,68,998d48968dc99cd384ae19028fb84b30bf0092b569ddc665fe8dc6f10edb4bab,***
28,Atenolol B,Antihypertensives,3,Brazil,9,Emily Lewis,Anthony Turner,26,false,2023-05-11,5,7,a0d9819c456947674a4e0356dbc93efd2ca257a164b5aedb6b8430dfa8ac15aa,imported_system
22,simvastatin P  ,Antihypertensives,2,Portugal,3,Laura Thompson,Jason Miller,23,false,2023-10-28,11,34,21ede81f260cbf47daebdb7dd5dc731768637672b6c5ae73b853d95fbba7806f,###
29,Atenolol F,Antihypertensives,4,France,4,Emma Robinson,Jason Miller,31,false,2023-06-23,3,87,8c2831d2b7c972888414726827c4ead50bbfa48bee857ad4f565b7e2705e9daa,imported_system
33,Amoxicillin B,Antibiotics,3,Brazil,10,Alexander Garcia,Ashley Moore,19,true,2023-04-30,12,15,04fd1b4d67e6515f5e564d2426b6f9f53a597d6ce6941cb9e7e8ba385810b3fc,imported_system
10,Ibuprofen I,Anti-Inflammatories,5,India,2,James Carter,Jason MILLER,44,true,2023-01-29,5,25,b9ef1b0e8f9ebdeabc82fab1152dd9bf6b3e7e97bc8d4592eea68fcbf55a57c3,
40,Sertraline I,Antidepressants,5,India,10,Alexander Garcia,Ashley Moore,19,true,2023-05-23,5,63,37c1dbd80040fb638b576e3c93416a58ed1bd9d28a6d6de941161f8501bf537f,imported_system
16,dipyrone G,Analgesics,1,Germany,3,Laura Thompson,Jason Miller,23,false,2023-08-29,4,45,246a03a92f45afe9ef09f17b84c36c5cf16715a7de519df0740afab2b2f3dca2,***
26,Atenolol G,Antihypertensives,1,Germany,12,Michael Douglas,Ashley Moore,47,false,2023-11-09,10,44,20e0a627d35787e884860c9b38579a49e8e341ddb7ff7ebb9bc4a3aa05e5c907,imported_system
8,Ibuprofen B,Anti-Inflammatories,3,Brazil,11,Ander Kenton,Ashley Moore,23,true,2023-06-26,10,11,b405434250f9ebbfde300532fcd1ebaac7782a6c7ca86d382a7a7d51b9a37b2c,###
4,Paracetamol F,Analgesics,4,France,8,William Nelson,Lauren Evans,38,true,2023-11-13,9,74,8ea70b349efac794fd1a7df9ccc208324a831669de98336a9cd8a68b16bb4501,#
13,Omeprazole B,Antacids,3,Brazil,8,William Nelson,Lauren Evans,38,true,2022-11-17,4,15,a26d169928d27b11b67f32780926bce45dd117a2c0c276a60a2b4e64d08f228d,***
30,Atenolol I,Antihypertensives,5,India,9,Emily Lewis,Anthony Turner,26,false,2023-07-17,1,58,bda751555e4fa548c92c5c612ceb665c03f19e97efccc2b9f6469e1658402e5d,#
36,Sertraline G,Antidepressants,1,Germany,9,Emily Lewis,Anthony Turner,26,false,2023-02-12,2,33,6d191b9b9b2f82cf3ac3b37d22caa4d4a30f55b983e04e0d21e1ac249613022f,***
2,Paracetamol P,Analgesics,2,Portugal,8,William Nelson,Lauren Evans,38,true,2023-05-16,9,17,e957ee081b8c7dad9a6d17bb7d1849683ec5e9ad5b1935ec008d91af05670d90,
32,Amoxicillin P,Antibiotics,2,Portugal,5,Sophia Davis,John Mitchell,28,true,2023-01-06,8,43,0e04372bbdae68bed666bc296c6b043c2b94ee47a62b6900b2ceae96ad21bb9d,#
1,Paracetamol G,Analgesics,1,Germany,3,Laura Thompson,Jason Miller,23,false,2023-03-11,8,9,75b138d77ad6ef56cb3e70a0599bd076a969d2f4c13908736138f5dacda504f2,
6,Ibuprofen G,Anti-Inflammatories,1,Germany,6,Michael Wright,Jennifer Anderson,36,false,2023-08-08,3,72,eb58586e451e919e7d8f5f516913e112eb87441fa4f1bdd06382bfea5686a03e,***
29,Atenolol F,Antihypertensives,4,France,9,Emily Lewis,Anthony Turner,26,false,2023-04-25,3,39,9f7c4c2306f09953af1c4b85fc3ab42b1c3d0dbdebb18010eb1b53e35518a7ec,imported_system
16,dipyrone G,Analgesics,1,Germany,6,Michael Wright,Jennifer Anderson,36,false,2023-10-23,2,4,8565771b950a8d8656c49c546708bf7212f5010122d8a3925111d529959d9376,***
28,Atenolol B,Antihypertensives,3,Brazil,8,William Nelson,Lauren Evans,38,true,2023-10-19,1,25,2a2005a19dd5b0c0484102245c4131e5a650506891b747eed63725d04a17802c,
26,Atenolol G,Antihypertensives,1,Germany,7,Olivia Hall,Ryan Allen,27,true,2023-04-16,1,25,9639512101a64f59d35ec4b648445549e66adebc724de3b766caf8e4660ab5bc,
25,Simvastatin I,Antihypertensives,5,India,12,Michael Douglas,Ashley Moore,47,false,2023-06-15,6,28,ce3280cc6c58cb90e5608083437d237d3e9f9b645d3ca727a78cf2a37634ae88,###
27,Atenolol P,Antihypertensives,2,Portugal,1,Charles Wilson,Angela Taylor,25,true,2023-09-20,12,9,2884aad1030f58e0593e3a572acd33a93fa76ebb88404a71bb1e69349625e037,***
36,Sertraline G,Antidepressants,1,Germany,12,Michael Douglas,Ashley Moore,47,false,2023-06-15,9,94,a9325bc77bb435dc59f80c516bea05dd9877cf28a61b8f2c45fb7cb99d4e5058,#
14,Omeprazole F,Antacids,4,France,4,Emma Robinson,Jason Miller,31,false,2023-10-26,10,43,816ebe06eec64b3e5fc960a66dfc98e531d1f77f3c4950aeca262af9df4c249b,imported_system
20,Dipyrone I,Analgesics,5,India,11,Ander Kenton,Ashley Moore,23,true,2023-06-12,9,26,76c3d2b60a53ade43294f7a20dca35a3a1cb3f236c437ddd16b8d8ed4f50b8ab,
12,Omeprazole P,Antacids,2,Portugal,9,Emily Lewis,Anthony Turner,26,false,2023-06-20,10,48,37d7ab5a963b933ca0591fbf164e08459623d8003d23f1cc4bc722f0dd2cd6c9,###
13,Omeprazole B,Antacids,3,Brazil,11,Ander Kenton,Ashley Moore,23,true,2023-06-10,9,81,91fb52f3cdcc36bc6fd43a1b4615d9a1becdbbc5c4881617ed8035924136d02d,#
24,Simvastatin F,Antihypertensives,4,France,8,William Nelson,Lauren Evans,38,true,2023-03-30,4,30,c8c29629bb4873aa49adc940136f690d2e94c4cc41978b027964e2387606a245,###
9,Ibuprofen F,Anti-Inflammatories,4,France,10,Alexander Garcia,Ashley Moore,19,true,2023-03-12,1,14,fafc987e8230e70e5d4a8d67f640c82aa84ae88dfe18cbc0991c960fef2e8ffd,#
20,Dipyrone I,Analgesics,5,India,7,Olivia Hall,Ryan Allen,27,true,2023-09-15,1,91,3bad0ad96cd24b48133bfb21a870286b101ec7b47b0213e7e449c359b10c51fe,#
32,Amoxicillin P,Antibiotics,2,Portugal,7,Olivia Hall,Ryan Allen,27,true,2023-02-24,5,86,8b18f5693d6822beefe70802cad008f0b0232654ea218fbce90ad8d6631c3a74,imported_system
29,Atenolol F,Antihypertensives,4,France,4,Emma Robinson,Jason Miller,31,false,2023-04-12,7,29,e9690c099ac00d56d184d19647bbf8ee8b0061ef61d0081156294b635f59515a,###
14,Omeprazole F,Antacids,4,France,11,Ander Kenton,Ashley Moore,23,true,2023-06-28,11,40,40620c11de95ad13f4fb52480d5a0a6301db2ec7f3e934a3cbe903883caa2bad,imported_system
40,Sertraline I,Antidepressants,5,India,4,Emma Robinson,Jason Miller,31,false,2023-04-02,7,2,da3c24180548583f354d28f07f615e7367b6a50de2c889fdcb626363dc02bf42,###
39,Sertraline F,Antidepressants,4,France,11,Ander Kenton,Ashley Moore,23,true,2023-08-04,5,70,22da44d3e22bfd0a787837832ef1f68f2c8acf1985d6a1f80cada72db36930c0,
34,Amoxicillin F,Antibiotics,4,France,11,Ander Kenton,Ashley Moore,23,true,2023-01-23,9,98,313e014852f465121818a670150bb755e359011501b9bb8994967b0e58bba292,imported_system
14,Omeprazole F,Antacids,4,France,9,Emily Lewis,Anthony Turner,26,false,2023-07-25,1,3,79dcd5ec50cc73e30ee82450c9c2617015f3e8b882c196fb179deb27edaf3122,imported_system
31,Amoxicillin G,Antibiotics,1,Germany,10,Alexander Garcia,Ashley Moore,19,true,2023-10-04,9,82,2e2847ea8acf4e4594a0377e2396da8e89f9456fa5cc1ba936a1496a82295dbc,###
5,Paracetamol I,Analgesics,5,India,1,Charles Wilson,Angela Taylor,25,true,2023-05-27,7,22,e5defc0ebe5c9a293c99e65e71ce3b10adfd9a450dce84e8d873ec2c7062d036,###
38,Sertraline B,Antidepressants,3,Brazil,5,Sophia Davis,John Mitchell,28,true,2022-11-22,2,70,f0202a6fb4ba524fd5d9b6fd8e767a80a2a8ea4c50dd4f26191e1214a7e95640,***
29,Atenolol F,Antihypertensives,4,France,6,Michael Wright,Jennifer Anderson,36,false,2023-07-02,5,14,c107f3ab86d0417efcfb0f68d9dc660467d63a4506f76dd97a52ff40d8613219,***
7,Ibuprofen P,Anti-Inflammatories,2,Portugal,10,Alexander Garcia,Ashley Moore,19,true,2023-09-13,3,71,00cc75b3c354bd864d646cc1a790268c33916bd2a32b78b502151640596f7702,***
21,Simvastatin G,Antihypertensives,1,Germany,8,William Nelson,Lauren Evans,38,true,2022-12-31,6,92,93b1f321f31e53c58c7470f495aa42904cc0efcb604a0a204be993eee12b45bd,#
38,Sertraline B,Antidepressants,3,Brazil,9,Emily Lewis,Anthony Turner,26,false,2023-10-19,5,44,ccaf94f0bc9fe7e2d2760be5718a88481824253d8ac9f03e966567a68006a894,imported_system
2,Paracetamol P,Analgesics,2,Portugal,4,Emma Robinson,Jason Miller,31,false,2023-06-11,2,100,81b3cf4b104c7a4f82a70007ace61170b1cb9fa1f4a2b6b295b224bc51000737,#
31,Amoxicillin G,Antibiotics,1,Germany,7,Olivia Hall,Ryan Allen,27,true,2023-06-11,6,39,5ccd797179b128f295a82da693f1ea906b23f0e51bb61719c1ffbc4b3ab8a459,#
2,Paracetamol P,Analgesics,2,Portugal,7,Olivia Hall,Ryan Allen,27,true,2023-11-15,4,95,34bb2866e6f4aec3d94f99aa6ab4baf3fc1aa6a13a82229675017000b15ede0c,***
22,simvastatin P  ,Antihypertensives,2,Portugal,9,Emily Lewis,Anthony Turner,26,false,2023-07-26,11,61,68e7486083a00e46d2343d76e05901842915d648c2146cf28a7c5c82e2bfabd0,***
8,Ibuprofen B,Anti-Inflammatories,3,Brazil,12,Michael Douglas,Ashley Moore,47,false,2023-09-30,10,100,2f247c21fd782dd61adff03218dfba31a2f53fd90b1a02c18632a9925102444a,###
27,Atenolol P,Antihypertensives,2,Portugal,12,Michael Douglas,Ashley Moore,47,false,2023-01-11,10,66,0e02020b47785017209b73dd512c1a6481d275dc0c08067f38699e19aa544b31,***
15,Omeprazole I,Antacids,5,India,3,Laura Thompson,Jason Miller,23,false,2022-12-08,4,98,8d5dd23bf2a3fa2a5797dfaafc080871eecb2d708b66ad7ca6422d20250dba78,imported_system
19,Dipyrone F,Analgesics,4,France,10,Alexander Garcia,Ashley Moore,19,true,2023-03-08,7,17,9c3ce060b21919a2431ffa32bc41be874b24b2cd3498a127e6b8941f2ba1e3b0,***
33,Amoxicillin B,Antibiotics,3,Brazil,11,Ander Kenton,Ashley Moore,23,true,2023-05-20,12,72,6805810f4d1c2f17ad8e86360847cbb35fb1aec0998f72b6298621164969ecd1,#
7,Ibuprofen P,Anti-Inflammatories,2,Portugal,4,Emma Robinson,Jason Miller,31,false,2023-10-15,6,54,ad6db2844a117fca6eb11ad418af6de64834481fc174a296e7b3bce6ccf234c6,imported_system
28,Atenolol B,Antihypertensives,3,Brazil,5,Sophia Davis,John Mitchell,28,true,2023-11-04,11,45,0a436e6d7cb8c80c19118fefdc21724ccd1fff285e5bcf0079523102c707fcde,
26,Atenolol G,Antihypertensives,1,Germany,1,Charles Wilson,Angela Taylor,25,true,2023-08-20,6,23,5251c8ffd35e47b75b00ab31d7c0aa4ffa6f09a1019e9df6311b18b8fbf220d3,###
19,Dipyrone F,Analgesics,4,France,6,Michael Wright,Jennifer Anderson,36,false,2022-12-07,1,74,4cc576bbc095fb50a6c38a37cc852275e4fea43e457571c298969c020d0e3f8d,***
1,Paracetamol G,Analgesics,1,Germany,4,Emma Robinson,Jason Miller,31,false,2023-01-08,12,39,3a1a32237d8a08f242fbf1c24e37d3e5e9064393c319757012f2058188ce7014,imported_system
34,Amoxicillin F,Antibiotics,4,France,5,Sophia Davis,John Mitchell,28,true,2022-11-26,5,98,0d1476b88edab35b53d27e1a798c4dbea4b4ff54cb3d2279c1a3e845126633ef,
10,Ibuprofen I,Anti-Inflammatories,5,India,12,Michael Douglas,Ashley Moore,47,false,2022-11-21,2,94,c5fbea8c1fd72c2eaf1a398792708d381767ad175d182e6538768ffb62d3fb07,
18,Dipyrone B,Analgesics,3,Brazil,7,Olivia Hall,Ryan Allen,27,true,2023-04-14,8,96,1a10f35b338b7cda6b7bb2b006d318861e8dc3366ff79918c92c8e2adee15c0a,imported_system
28,Atenolol B,Antihypertensives,3,Brazil,2,James Carter,Jason MILLER,44,true,2023-10-10,6,70,50e1c23ce8bd77b1400f6b00d5577770e2dc35aca1fcaf580b26619131bc1aa0,#
39,Sertraline F,Antidepressants,4,France,2,James Carter,Jason MILLER,44,true,2023-09-22,5,86,be0716001ad20616b50de244aa97c37a8ec14338d1dfefc1f0f80d660cb07504,***
7,Ibuprofen P,Anti-Inflammatories,2,Portugal,6,Michael Wright,Jennifer Anderson,36,false,2023-10-01,3,38,db1750f781e3211818d3ec0783847d3289dd9a1661cf2c2e3e779cdd764399fb,imported_system
38,Sertraline B,Antidepressants,3,Brazil,1,Charles Wilson,Angela Taylor,25,true,2022-12-27,7,84,714fc6ea161b57afcc1326854743665622a88ae20d335ce435313245094b6ea1,###
6,Ibuprofen G,Anti-Inflammatories,1,Germany,3,Laura Thompson,Jason Miller,23,false,2023-01-19,4,76,d137056cc1573432c9e2037814fc00668c99b46269c2db3fbf12c378298d705e,imported_system
30,Atenolol I,Antihypertensives,5,India,1,Charles Wilson,Angela Taylor,25,true,2023-11-10,9,51,e7755afeaea10b5b749f4c48da96667b9219bac9addb8c49314f4d4b4e5e271c,imported_system
37,Sertraline P,Antidepressants,2,Portugal,3,Laura Thompson,Jason Miller,23,false,2023-05-19,1,89,1e40443b03e34eeb8906583b6e25300804754eb33a492c8940ad5d425325446f,###
17,dipyrone P,Analgesics,2,Portugal,1,Charles Wilson,Angela Taylor,25,true,2023-04-17,10,24,c06133cff0e8197e61286b047ff075ed93f3e8b69ddef346e032acab99a4892b,###
15,Omeprazole I,Antacids,5,India,10,Alexander Garcia,Ashley Moore,19,true,2022-11-20,6,35,ad32a2a6ac68ff46420ca5b062bfafbcad2a8a714f468f601bc1b45b4eee251b,***
22,simvastatin P  ,Antihypertensives,2,Portugal,10,Alexander Garcia,Ashley Moore,19,true,2023-06-19,5,43,c4ca0cc8a5f0f4b9731742c8c3f7116b2eec7d49e13b1d3a66fed4ffc08ca67d,#
28,Atenolol B,Antihypertensives,3,Brazil,6,Michael Wright,Jennifer Anderson,36,false,2023-08-31,6,67,41bf322b8125928a286df28c070e5cc3438bc8d9ffc21b064df0f2a6c3c30cfd,###
38,Sertraline B,Antidepressants,3,Brazil,1,Charles Wilson,Angela Taylor,25,true,2023-11-08,1,51,cac2f9dd9fc3efe42f6cbf0447ffea4720caeeff16dcf238eba7451dab7f9665,
28,Atenolol B,Antihypertensives,3,Brazil,12,Michael Douglas,Ashley Moore,47,false,2023-04-06,2,47,0d1a54e99fe31c4a9fddd004521dc39796f329bb00c3e276ba5cbb59f7ac2cbe,#
17,dipyrone P,Analgesics,2,Portugal,8,William Nelson,Lauren Evans,38,true,2023-04-09,11,22,b234e16c60481804a8d0001fa7f00ec150af0ee0d8ed06f72b4b75926b2bf46d,
37,Sertraline P,Antidepressants,2,Portugal,9,Emily Lewis,Anthony Turner,26,false,2023-02-09,6,20,3423035537a892011650c9709e23e44fd539438f1ea999b19a6974f7c2a6f295,imported_system
12,Omeprazole P,Antacids,2,Portugal,3,Laura Thompson,Jason Miller,23,false,2023-07-01,9,93,90f505903158937ac4b45a0ff20b210f5962e8698206cde6239c66f5ee9dfd32,#
10,Ibuprofen I,Anti-Inflammatories,5,India,6,Michael Wright,Jennifer Anderson,36,false,2022-12-22,4,5,a82a49474651cd5daea5eef83e2b0cf4564fb8fbb9e16d2d5d4377c5eefec6cd,###
12,Omeprazole P,Antacids,2,Portugal,6,Michael Wright,Jennifer Anderson,36,false,2023-03-05,6,9,c4ee9ef9883705959e707539bc84299a46084af09ce370c556c0902f43bb653f,***
2,Paracetamol P,Analgesics,2,Portugal,5,Sophia Davis,John Mitchell,28,true,2023-02-01,9,50,11a6408e824416a4d8651d4c0a05da231f9660415377f79c3145a9ebf6d7c990,imported_system
23,Simvastatin B,Antihypertensives,3,Brazil,12,Michael Douglas,Ashley Moore,47,false,2023-09-07,2,29,05fcbf19a48be5917fa494ccaac544c1ba6446ff30b0c3cf5431e86e8e70a992,###
6,Ibuprofen G,Anti-Inflammatories,1,Germany,6,Michael Wright,Jennifer Anderson,36,false,2023-07-31,7,18,078331ad01767c85ff61a60a7bc454b8f0d54efd4afd8946e7dbcb8fd12d2784,
35,Amoxicillin I,Antibiotics,5,India,12,Michael Douglas,Ashley Moore,47,false,2023-05-26,11,15,e74e490521d03cb2e717875fd3853a2e0e0fdf88e58c41d1a3be1060675a2c81,***
25,Simvastatin I,Antihypertensives,5,India,6,Michael Wright,Jennifer Anderson,36,false,2022-12-16,12,14,96d4b6ee623c80d09fbfca0b8a4cf8ace8898a50306fbb137da640fc2cc4bb19,imported_system
16,dipyrone G,Analgesics,1,Germany,1,Charles Wilson,Angela Taylor,25,true,2023-11-05,11,33,3c0b302b90575ba73dacb4a7a15fc0e81c41d7b60b01f6b780d3d07ecc0bf7a6,#
40,Sertraline I,Antidepressants,5,India,9,Emily Lewis,Anthony Turner,26,false,2023-07-14,6,30,69561a7ae2e1cfe72d67b5b9619982157b59d12093053e8df4a59fb560f9b5c6,imported_system
20,Dipyrone I,Analgesics,5,India,11,Ander Kenton,Ashley Moore,23,true,2023-05-29,11,85,86464ff32618e0b67a39a4ff84f52aa2982ad1434712ea5cc0fc7ce2b9307a73,
5,Paracetamol I,Analgesics,5,India,7,Olivia Hall,Ryan Allen,27,true,2023-04-30,4,33,351092d1f333cb7da000c2dd4a49d2bcc2d15998eb148017335d2c0882f74216,imported_system
16,dipyrone G,Analgesics,1,Germany,1,Charles Wilson,Angela Taylor,25,true,2023-05-02,2,70,379e376f18da67e98d30eab1d72ede102e8cf1930e11d93c090b19a58bd6714c,***
21,Simvastatin G,Antihypertensives,1,Germany,2,James Carter,Jason MILLER,44,true,2023-03-13,12,5,273b109e83f99feb52b8a4e3cb99b8bf575c69308732e5242a3988eb2660f36f,###
26,Atenolol G,Antihypertensives,1,Germany,12,Michael Douglas,Ashley Moore,47,false,2023-10-18,6,95,deb022ea66a3750044c3bfa0794c9d2c7a2e652b0b231baf473e3b82e8d9725d,
39,Sertraline F,Antidepressants,4,France,4,Emma Robinson,Jason Miller,31,false,2023-01-12,9,33,39e57e1bb1e2160e04e881b337f937871e6c9f752aea45b33cf2070be2f013f2,***
31,Amoxicillin G,Antibiotics,1,Germany,1,Charles Wilson,Angela Taylor,25,true,2023-08-02,9,53,579eb0891ac6c75d410ac0384b8535a3ae36b6abe3290e223f6578303b2ed038,
29,Atenolol F,Antihypertensives,4,France,4,Emma Robinson,Jason Miller,31,false,2023-06-03,7,33,d6f2bf1661bbb70e51248a8692a88152b21eae73f3e70c609fa7e6aaa32f9e81,###
6,Ibuprofen G,Anti-Inflammatories,1,Germany,8,William Nelson,Lauren Evans,38,true,2023-11-10,6,86,3a858077a47673f4cd266be5ee7906e43e2dcef035930988ed651a918177384b,#
39,Sertraline F,Antidepressants,4,France,7,Olivia Hall,Ryan Allen,27,true,2023-11-11,6,25,680f612e343a47d47b7cb130ce72420f3679399bdaae57f85fc63b0b01bfce5f,
26,Atenolol G,Antihypertensives,1,Germany,3,Laura Thompson,Jason Miller,23,false,2023-06-26,5,100,347f1ae5f756013eb3589ca663d76ca2a6303993b653a6fe8f021a96d51c7487,***
35,Amoxicillin I,Antibiotics,5,India,12,Michael Douglas,Ashley Moore,47,false,2022-12-25,7,12,abb0d452303d34e951b6796503ac781d4a652007989f341312f2833ca6293002,###
12,Omeprazole P,Antacids,2,Portugal,10,Alexander Garcia,Ashley Moore,19,true,2022-12-21,11,39,7d5fe98eb3476945d9ff772fa523e6ec1ab8cc3e46384d1a443122f07992057e,***
37,Sertraline P,Antidepressants,2,Portugal,1,Charles Wilson,Angela Taylor,25,true,2023-01-11,5,17,27e4fc75129ff1553aab81fb0698b584ee23bdc68a5ad6da734906961120bee5,###
24,Simvastatin F,Antihypertensives,4,France,8,William Nelson,Lauren Evans,38,true,2023-01-11,7,67,09c66fa1427c83d077c83437acd16d1de5a73847683461295938b11fe53dab7b,
8,Ibuprofen B,Anti-Inflammatories,3,Brazil,5,Sophia Davis,John Mitchell,28,true,2023-10-16,12,4,6ac13ad02b2e5eff439d6184666d8a581b1ee2c4b652eae37f80a3a2dce48da5,imported_system
11,Omeprazole G,Antacids,1,Germany,5,Sophia Davis,John Mitchell,28,true,2023-03-09,6,42,79c4d0e9efc7315996630e342beed8adc86dd4d769472b01a4b0fa2e329023b5,###
40,Sertraline I,Antidepressants,5,India,10,Alexander Garcia,Ashley Moore,19,true,2023-08-10,10,90,909a2e209697163b06902d5c706dec522ffe7bbd0c7f32d98d99a407ccfc5c27,###
9,Ibuprofen F,Anti-Inflammatories,4,France,4,Emma Robinson,Jason Miller,31,false,2023-02-10,7,71,11727e403f323e9fb02e6dd898e55d83f44bc2d3c43e65f422f4628d68573c32,#
24,Simvastatin F,Antihypertensives,4,France,11,Ander Kenton,Ashley Moore,23,true,2023-10-04,2,78,1183d7a414ec819f8d9bad7dbce0991763a1d84647496959701b6ac283574daa,
28,Atenolol B,Antihypertensives,3,Brazil,9,Emily Lewis,Anthony Turner,26,false,2022-12-22,2,63,b0de1cfe373b5b2babf54d03d2c9670e1d5c775020d28a30174d0dbbdc32b56c,imported_system
16,dipyrone G,Analgesics,1,Germany,3,Laura Thompson,Jason Miller,23,false,2023-02-27,11,14,d0fd78d1e91bedacf49e74b8fa2fe98c5e204f43b684f61ad74abefd18050490,imported_system
19,Dipyrone F,Analgesics,4,France,6,Michael Wright,Jennifer Anderson,36,false,2023-03-01,6,26,537cac2ec6a5654386236bdd1c585af82e778182540112fe39273ca0117b1cfa,imported_system
38,Sertraline B,Antidepressants,3,Brazil,11,Ander Kenton,Ashley Moore,23,true,2023-06-26,1,24,61ef650416e95f21a66838f41eed4a8b27633db1e579c3c172bbaeb30f885c85,###
31,Amoxicillin G,Antibiotics,1,Germany,10,Alexander Garcia,Ashley Moore,19,true,2022-12-14,9,49,ca34a6b83d07aae56763f770740f2b92b20b0214728280a189a6b94846e092d0,
2,Paracetamol P,Analgesics,2,Portugal,9,Emily Lewis,Anthony Turner,26,false,2023-04-21,7,50,44ba58249ddf142ec01ccb6d3f4764b385e8a40a01543d5513927ab40ce194a4,#
32,Amoxicillin P,Antibiotics,2,Portugal,9,Emily Lewis,Anthony Turner,26,false,2023-01-13,11,13,4f33341ad8c920b9faebbce35b5825e4affd4a3cab6b76aae73c01d94b3fedf1,#
28,Atenolol B,Antihypertensives,3,Brazil,5,Sophia Davis,John Mitchell,28,true,2023-11-09,12,52,0978243e4aa32d1fd946ee304694ecffeda1c0d66a41502687eb6f57c503aa31,
30,Atenolol I,Antihypertensives,5,India,3,Laura Thompson,Jason Miller,23,false,2023-04-27,4,10,5e0bf39033b5eacfd91eb8611e868297c61b3ec68710771818d3d3e5d5b10139,###
11,Omeprazole G,Antacids,1,Germany,4,Emma Robinson,Jason Miller,31,false,2022-11-20,3,85,41f66f9ffea5b543df8be52e59ed765db3df189e6a3bc20ad71b2cd4e4eeaed1,#
39,Sertraline F,Antidepressants,4,France,3,Laura Thompson,Jason Miller,23,false,2022-12-07,12,31,8f61d3cbcafb6953f3cd1d77d77e37c2c06c86e6fa86925e5f7ebd9d88c3c6bb,
37,Sertraline P,Antidepressants,2,Portugal,11,Ander Kenton,Ashley Moore,23,true,2023-11-14,9,97,d60a4f9d1cb05f18b9e125c20a6090ac400d8069ff9e1ec1c51a7fd2d8fb60fa,imported_system
30,Atenolol I,Antihypertensives,5,India,8,William Nelson,Lauren Evans,38,true,2023-10-22,8,86,f2ce6da927f15340701dea3925905a8faf0ef5b221562bab764590ebe42037fd,###
14,Omeprazole F,Antacids,4,France,1,Charles Wilson,Angela Taylor,25,true,2023-08-26,2,56,4f9cd34ba4ebbf8feb592841fd9e6ccd4b53fb13c8100f92ce9e0bbf02f8599b,#
34,Amoxicillin F,Antibiotics,4,France,7,Olivia Hall,Ryan Allen,27,true,2023-09-15,8,65,89c5b40d9fba2c902153a3569e8df9b7ea37d594b3dc45a3919c6d56130094c2,#
12,Omeprazole P,Antacids,2,Portugal,1,Charles Wilson,Angela Taylor,25,true,2023-04-02,3,69,3f329860bdff4b855e30fe48133a2e76b37b81cc0035794f546df58bc8b217ed,#
37,Sertraline P,Antidepressants,2,Portugal,1,Charles Wilson,Angela Taylor,25,true,2023-11-10,5,20,a4348ab4a7bf5cd968455d87e389a6f92feb7de087a9a48eeeb5368352b0933e,***
35,Amoxicillin I,Antibiotics,5,India,1,Charles Wilson,Angela Taylor,25,true,2023-06-23,12,57,dcc5d0ba236af9ea0e1a4d68cd52a254fb7dc9dc2ff04457af0da3bcd9dd2cc0,###
16,dipyrone G,Analgesics,1,Germany,10,Alexander Garcia,Ashley Moore,19,true,2023-11-07,11,4,dd996502691de578103fca2b9071469c78cc9f65d34a0668c67662bdb034eb8d,#
11,Omeprazole G,Antacids,1,Germany,10,Alexander Garcia,Ashley Moore,19,true,2023-05-22,8,77,aec1be92224244617feef7194afadf3cd563b7bf7adb5dc28d937c6d48db0e95,
36,Sertraline G,Antidepressants,1,Germany,1,Charles Wilson,Angela Taylor,25,true,2023-09-30,6,48,fc89ba3fb38df85f8c89d0e21900d1503d1ab4849b414fa554fa8fc616242470,imported_system
27,Atenolol P,Antihypertensives,2,Portugal,4,Emma Robinson,Jason Miller,31,false,2023-08-03,5,86,38885af8ecd90f5c13f2b350643d462a9b614d33ddcdd30b6676ab023303c60f,***
32,Amoxicillin P,Antibiotics,2,Portugal,6,Michael Wright,Jennifer Anderson,36,false,2023-06-21,2,65,84fc5be586caccad214a37f5df1d0144f65f505a64ac400b1d9cb706c5d14f11,
36,Sertraline G,Antidepressants,1,Germany,10,Alexander Garcia,Ashley Moore,19,true,2023-09-19,12,42,8f3584825a49263b1b692b7d7b6b11233f44ea5c1a8b646d2814460d26e62eb4,#
16,dipyrone G,Analgesics,1,Germany,11,Ander Kenton,Ashley Moore,23,true,2023-02-09,2,48,579a207e2dd0288e349848d86c8c36faa037a6e7f4af62e0a6b644777342630b,###
13,Omeprazole B,Antacids,3,Brazil,9,Emily Lewis,Anthony Turner,26,false,2023-01-06,8,51,f04009b19d3c290e5c90093a47d301411a0c2e881981fa13ab4aae5c707cd1e9,***
2,Paracetamol P,Analgesics,2,Portugal,7,Olivia Hall,Ryan Allen,27,true,2023-03-01,12,63,d31b04b46bdb26afe654ff6cbed3dab17aece4cce466bd3d40b51061793cc8b4,imported_system
18,Dipyrone B,Analgesics,3,Brazil,12,Michael Douglas,Ashley Moore,47,false,2023-09-26,8,12,1d04a0d545cd7200a5ffc67125730cf1272fccc491b47ea934ae80f8aa296e89,imported_system
33,Amoxicillin B,Antibiotics,3,Brazil,7,Olivia Hall,Ryan Allen,27,true,2023-05-06,8,7,9826e35c2fd1dd0f2b6f225f0e22178e213440f751fbda0ca9f799ba9651b198,#
2,Paracetamol P,Analgesics,2,Portugal,1,Charles Wilson,Angela Taylor,25,true,2023-06-13,2,38,f13984c09b7e1be91122083721a200d57fc1e211980760643c5f5992e19d8312,***
20,Dipyrone I,Analgesics,5,India,1,Charles Wilson,Angela Taylor,25,true,2023-08-27,11,45,9df02e213cde875841b0c92b90de5939f67e1caa14dd5e3121777e9b177f9f95,###
8,Ibuprofen B,Anti-Inflammatories,3,Brazil,3,Laura Thompson,Jason Miller,23,false,2023-07-09,7,44,64244286dd10fcd8264681da2aeebe0a267dee92c576386678ad60daa0907010,###
1,Paracetamol G,Analgesics,1,Germany,8,William Nelson,Lauren Evans,38,true,2023-10-09,6,17,140ffe7882da7726f8d58f3d45de3c24200a1406959d6b4b92e63bebfc08651d,
13,Omeprazole B,Antacids,3,Brazil,2,James Carter,Jason MILLER,44,true,2022-12-03,4,42,514e830391320b3aa28e6df60a9a7951a603d8418e948c42da2f4305af9121f7,###
9,Ibuprofen F,Anti-Inflammatories,4,France,3,Laura Thompson,Jason Miller,23,false,2023-06-10,1,84,a2878993edc6756dfb6d4a016c56feb19ab68f7e88ffd97812d3933d750bec53,
11,Omeprazole G,Antacids,1,Germany,11,Ander Kenton,Ashley Moore,23,true,2023-02-22,12,17,36afcda5f65ae6ec95e314fd6ba17b7fd02c53f5df287655bce726a04747fe92,imported_system
15,Omeprazole I,Antacids,5,India,12,Michael Douglas,Ashley Moore,47,false,2023-04-01,8,3,0fd4df5eb7d2c0acdc19a7ef4a664bc912df4255f26c9588b32b5442f5cecb9c,#
36,Sertraline G,Antidepressants,1,Germany,8,William Nelson,Lauren Evans,38,true,2023-06-11,2,14,a3c41f852fb8b6015a97086e59cf6b33e64b6db2e7ade29696715a8935d0a297,#
1,Paracetamol G,Analgesics,1,Germany,8,William Nelson,Lauren Evans,38,true,2023-05-23,9,76,11d387561c9005d268fee512b43c7215ee11cd58ab7dcffa55e6cdceb4f14749,###
25,Simvastatin I,Antihypertensives,5,India,8,William Nelson,Lauren Evans,38,true,2023-06-13,8,51,0bdee3f61d6930dc2a0b19550adadac12a274ef30ea0a5f21190dc35f5cb12a5,imported_system
3,paracetamol B,Analgesics,3,Brazil,3,Laura Thompson,Jason Miller,23,false,2023-06-07,7,65,d1e35c740c2228910d5b95b67b322c677065c3d981639c64cef64bc4039acc51,imported_system
24,Simvastatin F,Antihypertensives,4,France,6,Michael Wright,Jennifer Anderson,36,false,2023-08-12,3,47,5c178412df44ab92fbf578c74200d9604f5acd1c931d56b668abc8358fa6c43d,###
15,Omeprazole I,Antacids,5,India,10,Alexander Garcia,Ashley Moore,19,true,2022-12-04,6,17,cb6a15b6f8fe7ac7cc8ec422bceedf9db1a2e8f74713b08e3b4d1656169dbfe0,#
7,Ibuprofen P,Anti-Inflammatories,2,Portugal,12,Michael Douglas,Ashley Moore,47,false,2023-09-21,12,41,a3aaf5a0e9ad2901ab35ce73910be7fbbe1731a3ed1ff947a6ac395c5024a8b3,***
3,paracetamol B,Analgesics,3,Brazil,7,Olivia Hall,Ryan Allen,27,true,2022-12-23,7,34,ea3e736ffb8040785a0123267f8caf70095eca674b4534b1356798e2adb6a05a,
20,Dipyrone I,Analgesics,5,India,1,Charles Wilson,Angela Taylor,25,true,2023-01-26,12,49,06ee4a8d2a0f33eb1f6b831061b25ff1aab21d96546031013017352d30b7a7b6,###
28,Atenolol B,Antihypertensives,3,Brazil,2,James Carter,Jason MILLER,44,true,2023-03-16,1,36,a2730bca63eff58682d6bfca28d39fa7862c99e0340413cba489ce86d989a4d1,imported_system
